"","AP2B1","APP","C9","CTSB","CTSD","CTSF","CTSL","CTSZ","DPP7","GM2A","HEXB","LAMP1","LAMP2","LYZ","FUCA1","TCN2","TPP1","Ubiquitin"
"rs7910668",0.601809672836122,0.34011344155279,0.806423182998593,0.00740875028485256,0.656397628990328,0.846193577162355,0.49276238812659,0.311625661272146,0.318313704178842,0.116267685933697,0.468513284937599,0.52405271994762,0.988378476435112,0.991924442050483,0.449694131371008,0.929350300472007,0.607431362819253,0.856431683638001
"rs2305880",0.516314011292873,0.828645636547797,0.806423182998593,0.749947816510495,0.667444827850138,0.846193577162355,0.676553934944742,0.666254960534611,0.976324131970988,0.815210757597991,0.551116730314487,0.838560077262855,0.988378476435112,0.991924442050483,0.827244789073002,0.608666911443855,0.982331932245152,0.760816161083657
"rs60492656",0.516314011292873,0.247371790439434,0.980908621174205,0.0542628865409807,0.656397628990328,0.846193577162355,0.341846468464267,0.25214521422168,0.650403160448155,0.40449987577666,0.758173066350674,0.32903677794615,0.8081409996541,0.991924442050483,0.664895067910015,0.608666911443855,0.607431362819253,0.856431683638001
"rs12657663",0.801810013893714,0.162160597669559,0.806423182998593,0.146561517911303,0.115057570540149,0.0165440823233524,0.0200908204812383,0.134147411772051,0.610447151462319,0.116267685933697,0.00334930142433606,0.0748918199445355,0.069797521471712,0.991924442050483,0.449694131371008,0.608666911443855,0.0319966563249141,0.760816161083657
"rs858274",0.601809672836122,0.474085622770131,0.806423182998593,0.996195507030312,0.924197539363831,0.938339998207357,0.676553934944742,0.572750492378763,0.650403160448155,0.821713855866618,0.79869927589746,0.622522979916654,0.988378476435112,0.991924442050483,0.571743082024811,0.951346276429965,0.821880107467313,0.760816161083657
"rs4631423",0.900682170567882,0.828645636547797,0.806423182998593,0.749947816510495,0.862278155520669,0.846193577162355,0.803906660996897,0.666254960534611,0.610447151462319,0.901976221184232,0.870522850469825,0.969193042547408,0.988378476435112,0.991924442050483,0.787473097000553,0.951346276429965,0.670953670581279,0.924793111126651
"rs10810829",0.900682170567882,0.852218836607471,0.806423182998593,0.749947816510495,0.30260885704934,0.904811640879243,0.676553934944742,0.25214521422168,0.707027953216045,0.901976221184232,0.442076039057398,0.838560077262855,0.988378476435112,0.991924442050483,0.787473097000553,0.830558485926362,0.299900980145796,0.856431683638001
"rs6599388",0.900682170567882,0.828645636547797,0.806423182998593,0.749947816510495,0.440161423411967,0.938339998207357,0.676553934944742,0.666254960534611,0.976324131970988,0.901976221184232,0.793542873620438,0.838560077262855,0.988378476435112,0.991924442050483,0.827244789073002,0.821911806632877,0.607431362819253,0.763548015822042
"rs7140",0.900682170567882,0.852218836607471,0.93982096190398,0.749947816510495,0.667444827850138,0.938339998207357,0.913524305405478,0.666254960534611,0.976324131970988,0.905541402715847,0.870522850469825,0.969193042547408,0.988378476435112,0.991924442050483,0.618927302412188,0.951346276429965,0.982331932245152,0.889073329493978
"rs614348",0.900682170567882,0.879837834830005,0.927364869064929,0.749947816510495,0.924197539363831,0.938339998207357,0.676553934944742,0.715375123019774,0.976324131970988,0.901976221184232,0.777452574260667,0.838560077262855,0.988378476435112,0.991924442050483,0.787473097000553,0.929350300472007,0.955258105287032,0.924793111126651
"rs4859655",0.900682170567882,0.879837834830005,0.996438771453657,0.749947816510495,0.656397628990328,0.938339998207357,0.816645429927204,0.880807167473375,0.976324131970988,0.921322330238826,0.870522850469825,0.900821409681956,0.988378476435112,0.991924442050483,0.787473097000553,0.608666911443855,0.982331932245152,0.889073329493978
"rs6966915",0.900682170567882,0.828645636547797,0.927364869064929,0.340384783397138,0.28549667300528,0.846193577162355,0.676553934944742,0.311625661272146,0.650403160448155,0.901976221184232,0.288684774595095,0.62394548662942,0.988378476435112,0.991924442050483,0.731478545837049,0.608666911443855,0.607431362819253,0.889073329493978
"rs199515",0.516314011292873,0.828645636547797,0.806423182998593,0.749947816510495,0.656397628990328,0.904811640879243,0.49276238812659,0.433047224185329,0.719266063523978,0.40449987577666,0.793542873620438,0.52405271994762,0.988378476435112,0.991924442050483,0.571743082024811,0.951346276429965,0.600147999525484,0.763548015822042
"rs4555374",0.925034065493331,0.852218836607471,0.980908621174205,0.967387857806277,0.656397628990328,0.846193577162355,0.913524305405478,0.666254960534611,0.976324131970988,0.901976221184232,0.870522850469825,0.838560077262855,0.988378476435112,0.991924442050483,0.787473097000553,0.951346276429965,0.982331932245152,0.924793111126651
"rs7843828",0.900682170567882,0.852218836607471,0.806423182998593,0.967387857806277,0.770340112620529,0.938339998207357,0.913524305405478,0.772299517005969,0.976324131970988,0.901976221184232,0.870522850469825,0.932636801154026,0.988378476435112,0.991924442050483,0.787473097000553,0.951346276429965,0.955258105287032,0.889073329493978
"rs1935025",0.900682170567882,0.34011344155279,0.806423182998593,0.749947816510495,0.115057570540149,0.938339998207357,0.0957975103816765,0.25214521422168,0.318313704178842,0.901976221184232,0.442076039057398,0.271678634395296,0.988378476435112,0.991924442050483,0.571743082024811,0.929350300472007,0.15598058901159,0.889073329493978
"rs76572204",0.900682170567882,0.879837834830005,0.927364869064929,0.749947816510495,0.440161423411967,0.846193577162355,0.676553934944742,0.433047224185329,0.650403160448155,0.901976221184232,0.506596208594998,0.900821409681956,0.988378476435112,0.991924442050483,0.738942794626287,0.951346276429965,0.982331932245152,0.924793111126651
"rs707951",0.58023672880067,0.162160597669559,0.806423182998593,0.749947816510495,0.862278155520669,0.218672723436023,0.676553934944742,0.419905876189484,0.976324131970988,0.151845985066821,0.777452574260667,0.52405271994762,0.540330463503273,0.991924442050483,0.787473097000553,0.608666911443855,0.792902109638763,0.760816161083657
"rs7647812",0.900682170567882,0.879837834830005,0.806423182998593,0.749947816510495,0.28549667300528,0.938339998207357,0.676553934944742,0.772299517005969,0.610447151462319,0.901976221184232,0.46424086173036,0.969193042547408,0.988378476435112,0.991924442050483,0.731478545837049,0.821911806632877,0.982331932245152,0.856431683638001
