"Estimate","Pr","SNP","Protein","Genotype"
-0.163434782608696,0.179925529949708,"rs10810829","AP2B1","1"
-0.120988505747127,0.298963622463806,"rs10810829","AP2B1","2"
-0.0144755244755251,0.902789442273112,"rs10810829","APP","1"
0.0279303675048349,0.806135478588741,"rs10810829","APP","2"
-0.425244755244753,0.00382430430713493,"rs10810829","C9","1"
-0.45196324951644,0.00141358308833117,"rs10810829","C9","2"
0.00389860139860143,0.973321745834414,"rs10810829","CTSB","1"
-0.0554743083003953,0.62072444067113,"rs10810829","CTSB","2"
-0.055104895104894,0.436111214121798,"rs10810829","CTSD","1"
-0.0963733075435194,0.156999274271921,"rs10810829","CTSD","2"
-0.150192307692307,0.019238012993854,"rs10810829","CTSF","1"
-0.12586956521739,0.0408372640024138,"rs10810829","CTSF","2"
-0.167727272727271,0.0354569925664765,"rs10810829","CTSL","1"
-0.14517408123791,0.0576564129972255,"rs10810829","CTSL","2"
-0.123304195804196,0.122185219445971,"rs10810829","CTSZ","1"
-0.16707509881423,0.0299823755778051,"rs10810829","CTSZ","2"
-0.107535353535354,0.3851514084118,"rs10810829","DPP7","1"
-0.114207188160677,0.332804421334304,"rs10810829","DPP7","2"
-0.046660839160839,0.61779035346094,"rs10810829","GM2A","1"
-0.0482688588007736,0.590894395277439,"rs10810829","GM2A","2"
-0.110891608391608,0.212502125834089,"rs10810829","HEXB","1"
-0.151141199226305,0.0775379574326358,"rs10810829","HEXB","2"
-0.128758741258741,0.164459299254326,"rs10810829","LAMP1","1"
-0.119139264990329,0.180250516842801,"rs10810829","LAMP1","2"
-0.0236363636363633,0.825886278619394,"rs10810829","LAMP2","1"
-0.012561094819159,0.903145955846883,"rs10810829","LAMP2","2"
-0.139545454545452,0.254812599962782,"rs10810829","LYZ","1"
-0.170396518375239,0.148106887750091,"rs10810829","LYZ","2"
-0.0345979020979025,0.754657622126832,"rs10810829","FUCA1","1"
-0.0446041055718479,0.675001553481797,"rs10810829","FUCA1","2"
-0.1393006993007,0.27276244059259,"rs10810829","TCN2","1"
-0.144809384164223,0.235510753903342,"rs10810829","TCN2","2"
-0.227639860139859,0.0118847195921407,"rs10810829","TPP1","1"
-0.241121856866538,0.00562480298446443,"rs10810829","TPP1","2"
0.000981818181818932,0.992964900566347,"rs10810829","Ubiquitin","1"
0.0524371373307553,0.622755790639047,"rs10810829","Ubiquitin","2"
0.109901960784314,0.260787835462708,"rs6599388","AP2B1","1"
0.0834848484848487,0.378018893576783,"rs6599388","AP2B1","2"
-0.0179949874686717,0.844346395363492,"rs6599388","APP","1"
-0.0625687458081824,0.48330567025557,"rs6599388","APP","2"
0.0757644110275679,0.532668902573084,"rs6599388","C9","1"
-0.0515694164989948,0.662417939540994,"rs6599388","C9","2"
-0.132798245614035,0.152858893674184,"rs6599388","CTSB","1"
-0.125785714285714,0.165079253464393,"rs6599388","CTSB","2"
-0.0288471177944862,0.600159491842276,"rs6599388","CTSD","1"
-0.0706237424547283,0.188353269796414,"rs6599388","CTSD","2"
0.0220238095238092,0.682107610508468,"rs6599388","CTSF","1"
-0.00819047619047671,0.875485903316844,"rs6599388","CTSF","2"
-0.00205513784461147,0.974487708231943,"rs6599388","CTSL","1"
-0.0462038900067069,0.460406998416104,"rs6599388","CTSL","2"
0.00240601503759407,0.97078429920035,"rs6599388","CTSZ","1"
-0.0443064182194616,0.490047932977276,"rs6599388","CTSZ","2"
0.0166666666666668,0.873215335220401,"rs6599388","DPP7","1"
-0.0508912655971475,0.616015546792428,"rs6599388","DPP7","2"
0.0426566416040099,0.559117373718578,"rs6599388","GM2A","1"
0.0203018108651912,0.77500547547982,"rs6599388","GM2A","2"
0.0150375939849623,0.831340555181517,"rs6599388","HEXB","1"
-0.0387256874580817,0.573171177290534,"rs6599388","HEXB","2"
0.0236591478696741,0.748383634124458,"rs6599388","LAMP1","1"
-0.0225553319919518,0.753320896157316,"rs6599388","LAMP1","2"
0.0587719298245611,0.478886787949742,"rs6599388","LAMP2","1"
0.0609047619047614,0.451589007254887,"rs6599388","LAMP2","2"
0.110827067669172,0.258541462327395,"rs6599388","LYZ","1"
0.057706237424547,0.544841201578317,"rs6599388","LYZ","2"
0.0542355889724311,0.537119046361552,"rs6599388","FUCA1","1"
0.0543333333333334,0.525867950792741,"rs6599388","FUCA1","2"
-0.0131578947368419,0.895430998006839,"rs6599388","TCN2","1"
-0.0333809523809522,0.732314501794756,"rs6599388","TCN2","2"
-0.0553634085213033,0.476559510787986,"rs6599388","TPP1","1"
-0.12148893360161,0.109686295678226,"rs6599388","TPP1","2"
0.128872180451128,0.131984268597625,"rs6599388","Ubiquitin","1"
0.174190476190476,0.0373926596694919,"rs6599388","Ubiquitin","2"
-0.137380952380952,0.202697843145129,"rs7140","AP2B1","1"
-0.101544850498339,0.312786285291263,"rs7140","AP2B1","2"
-0.0936666666666662,0.346000679587679,"rs7140","APP","1"
-0.0120609318996416,0.895294076290315,"rs7140","APP","2"
-0.0333333333333347,0.791533173649053,"rs7140","C9","1"
-0.0435125448028691,0.7086675959375,"rs7140","C9","2"
0.0225555555555553,0.818761123437767,"rs7140","CTSB","1"
-0.026794871794872,0.768552902151802,"rs7140","CTSB","2"
-0.041555555555555,0.487765610455917,"rs7140","CTSD","1"
0.000322580645161774,0.99534189039332,"rs7140","CTSD","2"
-0.0920959595959604,0.0872186995794287,"rs7140","CTSF","1"
-0.0572342995169089,0.247319086720538,"rs7140","CTSF","2"
-0.0149999999999996,0.823896427043896,"rs7140","CTSL","1"
-0.0106272401433687,0.864411733174165,"rs7140","CTSL","2"
-0.0823737373737378,0.225461593419694,"rs7140","CTSZ","1"
-0.0812077294685993,0.194700616175332,"rs7140","CTSZ","2"
0.0457777777777779,0.670313780146173,"rs7140","DPP7","1"
0.023,0.820123165634324,"rs7140","DPP7","2"
-0.0716666666666667,0.359998834489887,"rs7140","GM2A","1"
-0.0419892473118282,0.561023897652168,"rs7140","GM2A","2"
-0.0964444444444438,0.199140022167745,"rs7140","HEXB","1"
-0.0516487455197128,0.455633542664804,"rs7140","HEXB","2"
-0.0811111111111105,0.297914134982854,"rs7140","LAMP1","1"
-0.0511827956989244,0.47642998622891,"rs7140","LAMP1","2"
-0.0644444444444445,0.475636196201942,"rs7140","LAMP2","1"
-0.0643840579710147,0.440670681035976,"rs7140","LAMP2","2"
-0.0631111111111113,0.538292216709375,"rs7140","LYZ","1"
-0.113189964157707,0.232743638733259,"rs7140","LYZ","2"
-0.145333333333333,0.116451332005829,"rs7140","FUCA1","1"
-0.165471014492753,0.0536004953465547,"rs7140","FUCA1","2"
-0.148666666666666,0.163404227205945,"rs7140","TCN2","1"
-0.118888888888888,0.227428039867306,"rs7140","TCN2","2"
-0.0442222222222216,0.565893580877121,"rs7140","TPP1","1"
-0.0179569892473113,0.800582875722883,"rs7140","TPP1","2"
-0.0364052287581702,0.702727999149885,"rs7140","Ubiquitin","1"
-0.0839897698209723,0.342979012876046,"rs7140","Ubiquitin","2"
NA,NA,"rs12657663","AP2B1","1"
0.0945454545454549,0.241653563798056,"rs12657663","AP2B1","2"
NA,NA,"rs12657663","APP","1"
0.198508514386377,0.00873204363226563,"rs12657663","APP","2"
NA,NA,"rs12657663","C9","1"
-0.137422196124485,0.153915120635906,"rs12657663","C9","2"
NA,NA,"rs12657663","CTSB","1"
0.146046153846154,0.0554910305015469,"rs12657663","CTSB","2"
NA,NA,"rs12657663","CTSD","1"
0.108690546095126,0.0170723269944398,"rs12657663","CTSD","2"
NA,NA,"rs12657663","CTSF","1"
0.102430025445293,0.0166250977194163,"rs12657663","CTSF","2"
NA,NA,"rs12657663","CTSL","1"
0.147809747504405,0.00382747779910057,"rs12657663","CTSL","2"
NA,NA,"rs12657663","CTSZ","1"
0.114215384615385,0.0298820860815692,"rs12657663","CTSZ","2"
NA,NA,"rs12657663","DPP7","1"
0.111829096045198,0.172825498018931,"rs12657663","DPP7","2"
NA,NA,"rs12657663","GM2A","1"
0.125146799765121,0.0367114224738927,"rs12657663","GM2A","2"
NA,NA,"rs12657663","HEXB","1"
0.206065766294774,0.000273870444668487,"rs12657663","HEXB","2"
NA,NA,"rs12657663","LAMP1","1"
0.147472108044627,0.0129346743585329,"rs12657663","LAMP1","2"
NA,NA,"rs12657663","LAMP2","1"
0.208479389312978,0.00267095009416512,"rs12657663","LAMP2","2"
NA,NA,"rs12657663","LYZ","1"
-0.0929301233118016,0.240810993672638,"rs12657663","LYZ","2"
NA,NA,"rs12657663","FUCA1","1"
0.109929770992366,0.128553505540772,"rs12657663","FUCA1","2"
NA,NA,"rs12657663","TCN2","1"
0.103236641221373,0.21508325710586,"rs12657663","TCN2","2"
NA,NA,"rs12657663","TPP1","1"
0.161324133881386,0.00582433232390011,"rs12657663","TPP1","2"
NA,NA,"rs12657663","Ubiquitin","1"
0.15063076923077,0.0376786278079463,"rs12657663","Ubiquitin","2"
0.0882903663500678,0.438939596050361,"rs614348","AP2B1","1"
0.0367045454545455,0.748214800824529,"rs614348","AP2B1","2"
0.116883116883117,0.309874765889939,"rs614348","APP","1"
0.0962165775401073,0.406782239512601,"rs614348","APP","2"
0.236233766233764,0.101221672061533,"rs614348","C9","1"
0.104465240641709,0.470660782253593,"rs614348","C9","2"
0.188842105263158,0.107858691000545,"rs614348","CTSB","1"
0.0755294117647056,0.52148794571273,"rs614348","CTSB","2"
0.0320779220779226,0.644171187633842,"rs614348","CTSD","1"
0.0216978609625673,0.756618754841757,"rs614348","CTSD","2"
0.0299999999999997,0.631966841616309,"rs614348","CTSF","1"
0.0276119402985075,0.661991408812485,"rs614348","CTSF","2"
0.0587012987012988,0.44749139077501,"rs614348","CTSL","1"
-0.00754010695187175,0.922835197259462,"rs614348","CTSL","2"
0.0989114832535888,0.205812950813911,"rs614348","CTSZ","1"
0.036458616010855,0.643011149675332,"rs614348","CTSZ","2"
0.0622608695652175,0.618210570422429,"rs614348","DPP7","1"
0.0488387096774196,0.697830494542257,"rs614348","DPP7","2"
0.0661038961038956,0.464268801231615,"rs614348","GM2A","1"
0.0120721925133684,0.894453020483417,"rs614348","GM2A","2"
0.0767532467532468,0.375511481497625,"rs614348","HEXB","1"
0.00802139037433163,0.9267173621312,"rs614348","HEXB","2"
0.102077922077922,0.253782655265545,"rs614348","LAMP1","1"
0.0325935828877003,0.717272212016279,"rs614348","LAMP1","2"
0.0533766233766232,0.609409662773801,"rs614348","LAMP2","1"
0.0193351424694706,0.854452472039702,"rs614348","LAMP2","2"
-0.0796103896103915,0.505229275448259,"rs614348","LYZ","1"
-0.126818181818184,0.292998186998696,"rs614348","LYZ","2"
0.0466233766233775,0.662197023061012,"rs614348","FUCA1","1"
0.0584938941655368,0.587144787077512,"rs614348","FUCA1","2"
0.141688311688312,0.252508049208228,"rs614348","TCN2","1"
0.135468113975578,0.27826776178137,"rs614348","TCN2","2"
0.0207792207792209,0.815671249664572,"rs614348","TPP1","1"
-8.02139037431931e-05,0.999287789733415,"rs614348","TPP1","2"
-0.095974025974026,0.375252838494252,"rs614348","Ubiquitin","1"
-0.0643939393939394,0.555696844262624,"rs614348","Ubiquitin","2"
-0.108322510822511,0.1753530339682,"rs4859655","AP2B1","1"
-0.0327380952380953,0.704068515473579,"rs4859655","AP2B1","2"
-0.0199182795698925,0.795376584017617,"rs4859655","APP","1"
0.0117302052785924,0.889385880858417,"rs4859655","APP","2"
-0.155647311827956,0.126032003990943,"rs4859655","C9","1"
-0.073944281524926,0.506694016379792,"rs4859655","C9","2"
-0.00377942458587619,0.960485243126821,"rs4859655","CTSB","1"
0.0614028507126781,0.465251115703245,"rs4859655","CTSB","2"
0.0121677419354837,0.791627638576371,"rs4859655","CTSD","1"
0.0477859237536656,0.34543958254253,"rs4859655","CTSD","2"
-0.0418692001767563,0.354867576032445,"rs4859655","CTSF","1"
-0.0303592375366566,0.53933736101445,"rs4859655","CTSF","2"
-0.0264860215053763,0.6232185064814,"rs4859655","CTSL","1"
0.0164442815249267,0.781142785090837,"rs4859655","CTSL","2"
-0.041277065841803,0.454071029645416,"rs4859655","CTSZ","1"
-0.0155205278592376,0.796738499621232,"rs4859655","CTSZ","2"
0.0202246603970743,0.808138846559055,"rs4859655","DPP7","1"
0.00935344827586197,0.918284811482424,"rs4859655","DPP7","2"
-0.044847311827957,0.462670503772011,"rs4859655","GM2A","1"
0.00696480938416429,0.91720444333341,"rs4859655","GM2A","2"
-0.0167741935483872,0.777014684487424,"rs4859655","HEXB","1"
-0.0220014662756599,0.735189006683506,"rs4859655","HEXB","2"
-0.0944860215053763,0.125541639210971,"rs4859655","LAMP1","1"
-0.043782991202346,0.516650445799956,"rs4859655","LAMP1","2"
-0.10360941586748,0.133048393368068,"rs4859655","LAMP2","1"
-0.0133944281524927,0.858830636427813,"rs4859655","LAMP2","2"
-0.176344086021505,0.0302075989332562,"rs4859655","LYZ","1"
-0.135359237536657,0.128243104203065,"rs4859655","LYZ","2"
-0.00690932868352255,0.92571132165417,"rs4859655","FUCA1","1"
-0.052910557184751,0.515044710278128,"rs4859655","FUCA1","2"
0.0231473408892762,0.780694562564514,"rs4859655","TCN2","1"
0.10933284457478,0.231296552190056,"rs4859655","TCN2","2"
0.00182795698924735,0.977805243851653,"rs4859655","TPP1","1"
-0.00415689149560121,0.954060626038462,"rs4859655","TPP1","2"
-0.0841591397849464,0.240289885513316,"rs4859655","Ubiquitin","1"
0.00561140285071244,0.943300990221251,"rs4859655","Ubiquitin","2"
-0.0652207792207792,0.396393515360631,"rs6966915","AP2B1","1"
-0.0539006211180125,0.499051431587903,"rs6966915","AP2B1","2"
-0.113873015873016,0.131947809374726,"rs6966915","APP","1"
-0.0707472527472529,0.365619218115431,"rs6966915","APP","2"
-0.147333333333332,0.142698425927017,"rs6966915","C9","1"
-0.071445054945054,0.491861350332032,"rs6966915","C9","2"
-0.113322580645161,0.130892001701976,"rs6966915","CTSB","1"
-0.141529411764706,0.0696735194540365,"rs6966915","CTSB","2"
-0.0557777777777776,0.216541739015006,"rs6966915","CTSD","1"
-0.093989010989011,0.0455625074958332,"rs6966915","CTSD","2"
-0.0203870967741932,0.645593014777756,"rs6966915","CTSF","1"
-0.0680784313725486,0.140422974791233,"rs6966915","CTSF","2"
-0.0433015873015868,0.414989169734956,"rs6966915","CTSL","1"
-0.0707527472527468,0.199796157669375,"rs6966915","CTSL","2"
-0.107544351073763,0.047599951965791,"rs6966915","CTSZ","1"
-0.108235294117647,0.0552346985121547,"rs6966915","CTSZ","2"
-0.117551139684395,0.163236674091963,"rs6966915","DPP7","1"
-0.128070432868672,0.144732362533743,"rs6966915","DPP7","2"
-0.0493650793650791,0.413579269714892,"rs6966915","GM2A","1"
-0.0451098901098899,0.471155777514045,"rs6966915","GM2A","2"
-0.0631111111111106,0.270751126785907,"rs6966915","HEXB","1"
-0.15037912087912,0.0121258195938588,"rs6966915","HEXB","2"
-0.0852698412698407,0.161730475617326,"rs6966915","LAMP1","1"
-0.0766373626373621,0.224881902269094,"rs6966915","LAMP1","2"
-0.00987301587301585,0.885338377299321,"rs6966915","LAMP2","1"
0.00381512605042018,0.95731601593011,"rs6966915","LAMP2","2"
-0.00841269841269743,0.917263670037763,"rs6966915","LYZ","1"
-0.00521978021977894,0.950443102320878,"rs6966915","LYZ","2"
-0.05552380952381,0.447146764264165,"rs6966915","FUCA1","1"
-0.0641232492997202,0.399223152701999,"rs6966915","FUCA1","2"
0.0786984126984127,0.334970795327331,"rs6966915","TCN2","1"
0.154991596638655,0.0693202564993689,"rs6966915","TCN2","2"
-0.0658730158730155,0.305713217952716,"rs6966915","TPP1","1"
-0.11728021978022,0.079720617691348,"rs6966915","TPP1","2"
-0.00283380018674147,0.968547732074568,"rs6966915","Ubiquitin","1"
0.00970588235294105,0.896328523364144,"rs6966915","Ubiquitin","2"
0.0173475609756097,0.899521197290081,"rs199515","AP2B1","1"
-0.0670833333333334,0.61018258442125,"rs199515","AP2B1","2"
0.0798260869565219,0.523388789935465,"rs199515","APP","1"
-0.0107472527472525,0.928254844085246,"rs199515","APP","2"
-0.104086956521741,0.533494747205828,"rs199515","C9","1"
-0.0815714285714308,0.609222017590336,"rs199515","C9","2"
0.00673913043478274,0.957150643156672,"rs199515","CTSB","1"
-0.0527528089887638,0.660048217671909,"rs199515","CTSB","2"
0.00282608695652204,0.970208924925673,"rs199515","CTSD","1"
-0.0302197802197798,0.675862301503474,"rs199515","CTSD","2"
-0.000478260869564617,0.994834848561874,"rs199515","CTSF","1"
-0.00677528089887581,0.923569234373962,"rs199515","CTSF","2"
0.0256521739130429,0.770572238642346,"rs199515","CTSL","1"
-0.0405494505494511,0.62932955047838,"rs199515","CTSL","2"
-0.0604347826086955,0.503923340387239,"rs199515","CTSZ","1"
-0.0806741573033707,0.351014973111048,"rs199515","CTSZ","2"
0.0395238095238097,0.809440586173613,"rs199515","DPP7","1"
-0.0307142857142853,0.84652701703082,"rs199515","DPP7","2"
-0.107086956521739,0.284475045586535,"rs199515","GM2A","1"
-0.116164835164835,0.224259515280036,"rs199515","GM2A","2"
-0.00221739130434821,0.98180450525195,"rs199515","HEXB","1"
-0.0337032967032969,0.716629393311389,"rs199515","HEXB","2"
0.0894782608695649,0.374801254690628,"rs199515","LAMP1","1"
0.0165494505494502,0.863324681234571,"rs199515","LAMP1","2"
0.0332608695652175,0.769294317211074,"rs199515","LAMP2","1"
-0.0216666666666665,0.841477291345131,"rs199515","LAMP2","2"
0.0119565217391286,0.929140915703297,"rs199515","LYZ","1"
0.0975824175824152,0.447646135117898,"rs199515","LYZ","2"
-0.0220869565217388,0.854293940358531,"rs199515","FUCA1","1"
-0.0656666666666664,0.567857335321221,"rs199515","FUCA1","2"
-0.0221739130434784,0.87143386384211,"rs199515","TCN2","1"
0.064222222222222,0.623815205061311,"rs199515","TCN2","2"
-0.0815652173913044,0.443997861895482,"rs199515","TPP1","1"
-0.151945054945055,0.136443606282837,"rs199515","TPP1","2"
0.0672222222222223,0.57113807208774,"rs199515","Ubiquitin","1"
0.0496153846153849,0.660825010705925,"rs199515","Ubiquitin","2"
-0.0072472677595627,0.930549390570522,"rs2305880","AP2B1","1"
0.117916666666667,0.160661449711939,"rs2305880","AP2B1","2"
0.0385227272727272,0.650395513494764,"rs2305880","APP","1"
0.0806281094527363,0.342421536765681,"rs2305880","APP","2"
-0.0178030303030297,0.868611121886818,"rs2305880","C9","1"
0.0217786069651747,0.839320501742109,"rs2305880","C9","2"
0.0767654808959157,0.367772201779249,"rs2305880","CTSB","1"
0.0573715415019764,0.500622037770501,"rs2305880","CTSB","2"
0.0785606060606059,0.123648608155566,"rs2305880","CTSD","1"
0.0625746268656713,0.21850664785555,"rs2305880","CTSD","2"
-0.00814393939393905,0.860476626000735,"rs2305880","CTSF","1"
0.0269166666666669,0.562283926254308,"rs2305880","CTSF","2"
0.0540530303030304,0.347486097839777,"rs2305880","CTSL","1"
0.0654912935323383,0.254378316666281,"rs2305880","CTSL","2"
0.0498717948717949,0.390501190279135,"rs2305880","CTSZ","1"
0.0460606060606063,0.426700639052482,"rs2305880","CTSZ","2"
0.0710757575757577,0.438951382440093,"rs2305880","DPP7","1"
0.0395757575757577,0.666269425956379,"rs2305880","DPP7","2"
-0.0373106060606061,0.575967482587485,"rs2305880","GM2A","1"
0.0381778606965173,0.56636570552715,"rs2305880","GM2A","2"
0.10469696969697,0.10220618465612,"rs2305880","HEXB","1"
0.105398009950249,0.0992802753806646,"rs2305880","HEXB","2"
0.0227272727272727,0.733171819586476,"rs2305880","LAMP1","1"
0.0421393034825871,0.526695545528966,"rs2305880","LAMP1","2"
-0.0763636363636365,0.320046501568805,"rs2305880","LAMP2","1"
-0.00257575757575763,0.973200631124881,"rs2305880","LAMP2","2"
-0.171174242424242,0.0513768483253935,"rs2305880","LYZ","1"
-0.102680348258706,0.239726127078392,"rs2305880","LYZ","2"
-0.0834848484848493,0.292260020459929,"rs2305880","FUCA1","1"
-0.0216666666666676,0.784243836691765,"rs2305880","FUCA1","2"
-0.0134469696969703,0.88188747247442,"rs2305880","TCN2","1"
0.101553030303029,0.262796559974469,"rs2305880","TCN2","2"
0.0985227272727273,0.133541144202764,"rs2305880","TPP1","1"
0.049160447761194,0.451953405478901,"rs2305880","TPP1","2"
-0.0619166666666661,0.434200983238963,"rs2305880","Ubiquitin","1"
0.0516287878787886,0.513356874864967,"rs2305880","Ubiquitin","2"
0.09175,0.498385525893939,"rs4555374","AP2B1","1"
0.071955128205128,0.585901988581242,"rs4555374","AP2B1","2"
-0.0669292929292932,0.60470772068462,"rs4555374","APP","1"
-0.0813436692506466,0.518577185950455,"rs4555374","APP","2"
0.308363636363639,0.071381177411194,"rs4555374","C9","1"
0.226744186046514,0.172573346232902,"rs4555374","C9","2"
0.110740740740741,0.389209585060891,"rs4555374","CTSB","1"
0.0778039215686276,0.534112805948618,"rs4555374","CTSB","2"
-0.0460000000000002,0.551632085549215,"rs4555374","CTSD","1"
0.0104651162790697,0.889383494576123,"rs4555374","CTSD","2"
0.105138888888889,0.187157394370346,"rs4555374","CTSF","1"
0.116831395348836,0.133382294749685,"rs4555374","CTSF","2"
0.0208282828282837,0.81895366461947,"rs4555374","CTSL","1"
0.0120671834625334,0.891731296962078,"rs4555374","CTSL","2"
0.0129090909090908,0.888891340543482,"rs4555374","CTSZ","1"
0.0441666666666665,0.624243330755601,"rs4555374","CTSZ","2"
-0.054089834515366,0.690827415095959,"rs4555374","DPP7","1"
-0.0388326300984527,0.767720782912436,"rs4555374","DPP7","2"
0.0428080808080812,0.677411013871525,"rs4555374","GM2A","1"
0.0714211886304916,0.476503415963997,"rs4555374","GM2A","2"
0.0384040404040409,0.700216810490411,"rs4555374","HEXB","1"
0.0350129198966416,0.718629638992642,"rs4555374","HEXB","2"
0.0111313131313142,0.914896146840905,"rs4555374","LAMP1","1"
0.0444315245478047,0.66162857911241,"rs4555374","LAMP1","2"
-0.0475925925925925,0.683613177808953,"rs4555374","LAMP2","1"
-0.0102325581395347,0.928229770905387,"rs4555374","LAMP2","2"
0.153717171717175,0.26471567325144,"rs4555374","LYZ","1"
0.121886304909564,0.363711724451457,"rs4555374","LYZ","2"
0.0511111111111107,0.682230331004843,"rs4555374","FUCA1","1"
0.0178552971576222,0.883112024255994,"rs4555374","FUCA1","2"
-0.00833333333333434,0.952797828502602,"rs4555374","TCN2","1"
-0.00162790697674523,0.990518447070246,"rs4555374","TCN2","2"
0.0741616161616163,0.502388077262117,"rs4555374","TPP1","1"
0.0631912144702846,0.55741601802102,"rs4555374","TPP1","2"
0.000555555555554998,0.99635505646662,"rs4555374","Ubiquitin","1"
0.00395348837209247,0.973348325408606,"rs4555374","Ubiquitin","2"
0.10938596491228,0.54434569788146,"rs4631423","AP2B1","1"
0.0525308641975306,0.768632988494921,"rs4631423","AP2B1","2"
0.280086206896552,0.125939539925269,"rs4631423","APP","1"
0.166968085106384,0.354444291219307,"rs4631423","APP","2"
-0.247758620689663,0.287900750604976,"rs4631423","C9","1"
-0.179468085106391,0.435291788331382,"rs4631423","C9","2"
0.243114035087717,0.147325643726623,"rs4631423","CTSB","1"
0.224919354838709,0.174300021309289,"rs4631423","CTSB","2"
-0.0418965517241367,0.705848891558759,"rs4631423","CTSD","1"
-0.0426595744680838,0.697170490335879,"rs4631423","CTSD","2"
-0.0145175438596516,0.885484555954251,"rs4631423","CTSF","1"
0.0202419354838683,0.838822608406447,"rs4631423","CTSF","2"
0.0817241379310337,0.514202455133921,"rs4631423","CTSL","1"
0.0843617021276589,0.495369918303993,"rs4631423","CTSL","2"
0.146293103448275,0.245082827710647,"rs4631423","CTSZ","1"
0.143152173913043,0.249618803648496,"rs4631423","CTSZ","2"
0.196176470588235,0.30368347491984,"rs4631423","DPP7","1"
0.262906976744186,0.162405080366896,"rs4631423","DPP7","2"
0.139655172413792,0.334231635590436,"rs4631423","GM2A","1"
0.0687234042553181,0.630010313258231,"rs4631423","GM2A","2"
-0.00413793103448276,0.976347551453296,"rs4631423","HEXB","1"
0.0177659574468084,0.897442962619983,"rs4631423","HEXB","2"
0.109741379310344,0.449178602320434,"rs4631423","LAMP1","1"
0.0850531914893612,0.552424729388187,"rs4631423","LAMP1","2"
0.0358333333333318,0.830830994423837,"rs4631423","LAMP2","1"
-0.00452127659574622,0.97821062742338,"rs4631423","LAMP2","2"
-0.180775862068972,0.346630804642151,"rs4631423","LYZ","1"
-0.14760638297873,0.436280301414282,"rs4631423","LYZ","2"
0.0765350877192964,0.657077731914014,"rs4631423","FUCA1","1"
0.0297340425531898,0.861241519300087,"rs4631423","FUCA1","2"
-0.0808333333333334,0.68413633004847,"rs4631423","TCN2","1"
-0.087712765957447,0.654706802258878,"rs4631423","TCN2","2"
0.0172413793103452,0.9032512033486,"rs4631423","TPP1","1"
0.0623404255319153,0.656383366432386,"rs4631423","TPP1","2"
0.0817857142857134,0.636730552420515,"rs4631423","Ubiquitin","1"
0.0559042553191481,0.743422525939144,"rs4631423","Ubiquitin","2"
-0.0432330827067668,0.762288708843841,"rs60492656","AP2B1","1"
-0.132755102040816,0.329575280961655,"rs60492656","AP2B1","2"
-0.150564784053157,0.294390077730525,"rs60492656","APP","1"
-0.25241655540721,0.0672970946410909,"rs60492656","APP","2"
0.15292358803987,0.405795039713527,"rs60492656","C9","1"
0.134218958611485,0.445831066752954,"rs60492656","C9","2"
-0.375952380952379,0.00744394066060699,"rs60492656","CTSB","1"
-0.439070080862532,0.00114874867799614,"rs60492656","CTSB","2"
-0.0715946843853829,0.41266398579953,"rs60492656","CTSD","1"
-0.0832443257676911,0.319943910386741,"rs60492656","CTSD","2"
-0.0114285714285711,0.885806401313775,"rs60492656","CTSF","1"
-0.0259029649595686,0.733508495292253,"rs60492656","CTSF","2"
-0.0360465116279066,0.712098635143144,"rs60492656","CTSL","1"
-0.102523364485981,0.273674945310581,"rs60492656","CTSL","2"
-0.0207641196013289,0.832353818472474,"rs60492656","CTSZ","1"
-0.0958095238095238,0.308610707707203,"rs60492656","CTSZ","2"
0.20742105263158,0.231867066515879,"rs60492656","DPP7","1"
0.0779393939393948,0.640305257595064,"rs60492656","DPP7","2"
-0.017774086378737,0.876180742693631,"rs60492656","GM2A","1"
-0.0869025367156202,0.426569882736322,"rs60492656","GM2A","2"
0.0246843853820599,0.82241270152557,"rs60492656","HEXB","1"
-0.0117489986648864,0.911132984755075,"rs60492656","HEXB","2"
-0.0292358803986709,0.795758613803182,"rs60492656","LAMP1","1"
-0.109946595460614,0.309950348859371,"rs60492656","LAMP1","2"
-0.016644518272425,0.898978922273462,"rs60492656","LAMP2","1"
-0.0925067385444742,0.461574242577569,"rs60492656","LAMP2","2"
0.0142857142857173,0.924728398625816,"rs60492656","LYZ","1"
0.0244726301735678,0.865733836769695,"rs60492656","LYZ","2"
-0.040332225913623,0.766525025599525,"rs60492656","FUCA1","1"
-0.0701347708894899,0.589837872549524,"rs60492656","FUCA1","2"
-0.109933554817278,0.48114711925166,"rs60492656","TCN2","1"
-0.138557951482483,0.354055859005452,"rs60492656","TCN2","2"
0.0339867109634551,0.761565150338918,"rs60492656","TPP1","1"
-0.0392256341789052,0.714494962943446,"rs60492656","TPP1","2"
-0.0573809523809518,0.674986074767335,"rs60492656","Ubiquitin","1"
-0.0592452830188674,0.65062823563239,"rs60492656","Ubiquitin","2"
-0.113199608610568,0.274954897721803,"rs7843828","AP2B1","1"
-0.0856122448979593,0.426165980645866,"rs7843828","AP2B1","2"
-0.0218416523235802,0.833480974412817,"rs7843828","APP","1"
0.0138005390835577,0.898362791072996,"rs7843828","APP","2"
0.0315748709122224,0.818941779533746,"rs7843828","C9","1"
-0.0427897574123969,0.765514603617805,"rs7843828","C9","2"
0.119242685025817,0.24648692522115,"rs7843828","CTSB","1"
0.0514845938375349,0.631171601517625,"rs7843828","CTSB","2"
-0.0267728055077454,0.668298554125552,"rs7843828","CTSD","1"
-0.039366576819407,0.544785509686475,"rs7843828","CTSD","2"
-0.0339672977624781,0.577923802005818,"rs7843828","CTSF","1"
-0.0338515406162464,0.595400487553683,"rs7843828","CTSF","2"
-0.01986230636833,0.785833772218141,"rs7843828","CTSL","1"
-0.00407008086253326,0.957299313360208,"rs7843828","CTSL","2"
-0.0163066202090593,0.826523917841554,"rs7843828","CTSZ","1"
0.00703296703296687,0.927661120452913,"rs7843828","CTSZ","2"
-0.061560130010834,0.584616509499247,"rs7843828","DPP7","1"
-0.0172850678733031,0.881463825641259,"rs7843828","DPP7","2"
-0.0813855421686743,0.325152379236857,"rs7843828","GM2A","1"
-0.0785849056603769,0.360878455663383,"rs7843828","GM2A","2"
0.00433734939759054,0.95681638040909,"rs7843828","HEXB","1"
0.0269811320754718,0.746077069214454,"rs7843828","HEXB","2"
-0.0180981067125641,0.829053089969139,"rs7843828","LAMP1","1"
-0.00144204851751987,0.986801218517802,"rs7843828","LAMP1","2"
-0.0533562822719449,0.567876031271726,"rs7843828","LAMP2","1"
0.0147252747252746,0.879707048938512,"rs7843828","LAMP2","2"
-0.131239242685024,0.235875754169813,"rs7843828","LYZ","1"
-0.120916442048515,0.293437027293692,"rs7843828","LYZ","2"
-0.106609294320138,0.286754543908366,"rs7843828","FUCA1","1"
-0.0983516483516488,0.345466383924885,"rs7843828","FUCA1","2"
-0.214672977624785,0.054682842238976,"rs7843828","TCN2","1"
-0.104642857142858,0.366430572542642,"rs7843828","TCN2","2"
0.0673838209982787,0.44800520783607,"rs7843828","TPP1","1"
0.0690296495956871,0.454840066006298,"rs7843828","TPP1","2"
-0.133048780487805,0.170868325575516,"rs7843828","Ubiquitin","1"
-0.0683018867924535,0.497658185642918,"rs7843828","Ubiquitin","2"
-0.120809523809524,0.46569278848311,"rs1935025","AP2B1","1"
-0.126166666666666,0.432098335676915,"rs1935025","AP2B1","2"
-0.148555555555556,0.33729953404299,"rs1935025","APP","1"
-0.184748427672956,0.216966028242953,"rs1935025","APP","2"
-0.245666666666663,0.207514428965462,"rs1935025","C9","1"
-0.311446540880499,0.0985649150977614,"rs1935025","C9","2"
-0.0647727272727269,0.672055857084449,"rs1935025","CTSB","1"
-0.106761904761904,0.469671040127729,"rs1935025","CTSB","2"
-0.0367777777777779,0.686480907027744,"rs1935025","CTSD","1"
-0.131666666666667,0.135812663829897,"rs1935025","CTSD","2"
-0.00177777777777622,0.983239746092705,"rs1935025","CTSF","1"
-0.0266987179487162,0.744031684066265,"rs1935025","CTSF","2"
-0.0882222222222222,0.390660909197141,"rs1935025","CTSL","1"
-0.184339622641509,0.0643813102215498,"rs1935025","CTSL","2"
-0.0738888888888886,0.478440255485133,"rs1935025","CTSZ","1"
-0.151057692307692,0.134726542669845,"rs1935025","CTSZ","2"
-0.115348837209302,0.466502389400375,"rs1935025","DPP7","1"
-0.227849462365591,0.137884263432735,"rs1935025","DPP7","2"
0.0734444444444451,0.548617888843671,"rs1935025","GM2A","1"
0.0555031446540887,0.638654902832942,"rs1935025","GM2A","2"
-0.129111111111112,0.266950435456475,"rs1935025","HEXB","1"
-0.186132075471698,0.0982449819174677,"rs1935025","HEXB","2"
-0.0928888888888891,0.437633454708502,"rs1935025","LAMP1","1"
-0.186383647798742,0.107877340188971,"rs1935025","LAMP1","2"
-0.114222222222221,0.415839572438135,"rs1935025","LAMP2","1"
-0.136857142857141,0.313055425340863,"rs1935025","LAMP2","2"
-0.120888888888886,0.451497304331589,"rs1935025","LYZ","1"
-0.17138364779874,0.269456009810903,"rs1935025","LYZ","2"
-0.0703333333333337,0.622930815288066,"rs1935025","FUCA1","1"
-0.177095238095239,0.200902080840258,"rs1935025","FUCA1","2"
-0.0601111111111128,0.717784649206001,"rs1935025","TCN2","1"
-0.111380952380954,0.488309938254296,"rs1935025","TCN2","2"
-0.0755555555555561,0.522576746305293,"rs1935025","TPP1","1"
-0.173584905660378,0.129353426104544,"rs1935025","TPP1","2"
0.0675000000000004,0.643577546751919,"rs1935025","Ubiquitin","1"
0.0587142857142862,0.676449140268398,"rs1935025","Ubiquitin","2"
-0.133347457627119,0.181916250389753,"rs7647812","AP2B1","1"
-0.0633196721311478,0.523639377839995,"rs7647812","AP2B1","2"
-0.0720361990950229,0.461864727451087,"rs7647812","APP","1"
-0.0325000000000002,0.73858387399822,"rs7647812","APP","2"
0.0842443438914041,0.51394279948019,"rs7647812","C9","1"
-0.063382352941175,0.621666041060992,"rs7647812","C9","2"
-0.0565079365079365,0.560668799365353,"rs7647812","CTSB","1"
0.0344117647058823,0.720896504875133,"rs7647812","CTSB","2"
0.0260723981900451,0.656549178367086,"rs7647812","CTSD","1"
0.0652941176470586,0.264096261042582,"rs7647812","CTSD","2"
0.0119209558823533,0.836135031136264,"rs7647812","CTSF","1"
-0.00748902546093018,0.896121569282667,"rs7647812","CTSF","2"
0.0378009049773757,0.583170980782028,"rs7647812","CTSL","1"
0.0447058823529415,0.514498101032374,"rs7647812","CTSL","2"
0.0206433823529411,0.768873615170902,"rs7647812","CTSZ","1"
0.0124670763827919,0.858472142293933,"rs7647812","CTSZ","2"
-0.0260087719298245,0.804600583984081,"rs7647812","DPP7","1"
0.0610483870967745,0.558154600846818,"rs7647812","DPP7","2"
-0.066941176470588,0.390398027061419,"rs7647812","GM2A","1"
-0.0258823529411763,0.738400642960372,"rs7647812","GM2A","2"
0.0127149321266969,0.865837158219129,"rs7647812","HEXB","1"
0.0608823529411765,0.416894927658708,"rs7647812","HEXB","2"
-0.0172669683257917,0.827066688369571,"rs7647812","LAMP1","1"
-0.0244117647058822,0.756363896210074,"rs7647812","LAMP1","2"
-0.12068778280543,0.170894556727315,"rs7647812","LAMP2","1"
-0.0717647058823527,0.413085985148865,"rs7647812","LAMP2","2"
0.0516561085972866,0.621389050165086,"rs7647812","LYZ","1"
0.0519117647058838,0.618055236314038,"rs7647812","LYZ","2"
-0.0883800904977377,0.347726486819544,"rs7647812","FUCA1","1"
-0.123406496927129,0.189074355699736,"rs7647812","FUCA1","2"
0.106850678733032,0.314787402979815,"rs7647812","TCN2","1"
0.105996488147498,0.317161360466853,"rs7647812","TCN2","2"
0.030180995475113,0.718592600800716,"rs7647812","TPP1","1"
0.0019117647058823,0.981701864420866,"rs7647812","TPP1","2"
-0.0902481617647063,0.324282400400912,"rs7647812","Ubiquitin","1"
-0.00500000000000041,0.956104942375806,"rs7647812","Ubiquitin","2"
NA,NA,"rs76572204","AP2B1","1"
0.0252343749999998,0.845290364413729,"rs76572204","AP2B1","2"
NA,NA,"rs76572204","APP","1"
0.0588571428571433,0.616041244562253,"rs76572204","APP","2"
NA,NA,"rs76572204","C9","1"
0.0150714285714257,0.923104703189638,"rs76572204","C9","2"
NA,NA,"rs76572204","CTSB","1"
-0.092492753623188,0.427775266084432,"rs76572204","CTSB","2"
NA,NA,"rs76572204","CTSD","1"
-0.0544999999999996,0.439790035916026,"rs76572204","CTSD","2"
NA,NA,"rs76572204","CTSF","1"
-0.054420463629096,0.452230635685541,"rs76572204","CTSF","2"
NA,NA,"rs76572204","CTSL","1"
-0.0514285714285716,0.533102680103025,"rs76572204","CTSL","2"
NA,NA,"rs76572204","CTSZ","1"
0.106028985507246,0.205842340991346,"rs76572204","CTSZ","2"
NA,NA,"rs76572204","DPP7","1"
-0.10848,0.374796725102257,"rs76572204","DPP7","2"
NA,NA,"rs76572204","GM2A","1"
-0.0351428571428576,0.707123195370633,"rs76572204","GM2A","2"
NA,NA,"rs76572204","HEXB","1"
-0.086857142857143,0.336499333117061,"rs76572204","HEXB","2"
NA,NA,"rs76572204","LAMP1","1"
-0.0500000000000002,0.59723049526264,"rs76572204","LAMP1","2"
NA,NA,"rs76572204","LAMP2","1"
0.0148417266187043,0.888622285343475,"rs76572204","LAMP2","2"
NA,NA,"rs76572204","LYZ","1"
-0.0773571428571453,0.536771723248532,"rs76572204","LYZ","2"
NA,NA,"rs76572204","FUCA1","1"
-0.0635467625899265,0.574494067424507,"rs76572204","FUCA1","2"
NA,NA,"rs76572204","TCN2","1"
0.00861870503597336,0.946141745563891,"rs76572204","TCN2","2"
NA,NA,"rs76572204","TPP1","1"
0.053071428571429,0.596861663286617,"rs76572204","TPP1","2"
NA,NA,"rs76572204","Ubiquitin","1"
-0.0091294964028772,0.933981111440178,"rs76572204","Ubiquitin","2"
-0.467352941176471,0.0650475719549223,"rs7910668","AP2B1","1"
-0.509528301886793,0.040603618816165,"rs7910668","AP2B1","2"
-0.592142857142856,0.0210137582726819,"rs7910668","APP","1"
-0.640882352941175,0.01102262367845,"rs7910668","APP","2"
0.353714285714267,0.277547297816992,"rs7910668","C9","1"
0.211008403361325,0.508427143866621,"rs7910668","C9","2"
-0.196428571428573,0.426618036128781,"rs7910668","CTSB","1"
-0.409102564102566,0.0925959736176554,"rs7910668","CTSB","2"
-0.354142857142854,0.0218218451044216,"rs7910668","CTSD","1"
-0.279201680672265,0.0644233489486899,"rs7910668","CTSD","2"
-0.247714285714288,0.0774058773191378,"rs7910668","CTSF","1"
-0.259145299145302,0.059819404926556,"rs7910668","CTSF","2"
-0.512571428571431,0.00300826352331644,"rs7910668","CTSL","1"
-0.52823529411765,0.0018517490513042,"rs7910668","CTSL","2"
-0.487428571428572,0.00526313096061702,"rs7910668","CTSZ","1"
-0.50974358974359,0.00297827073059491,"rs7910668","CTSZ","2"
-0.90655172413793,0.000560441023747859,"rs7910668","DPP7","1"
-0.94290909090909,0.00024598133568072,"rs7910668","DPP7","2"
-0.39814285714286,0.0467736967088815,"rs7910668","GM2A","1"
-0.489285714285717,0.0130479030433736,"rs7910668","GM2A","2"
-0.458714285714286,0.0181964821750655,"rs7910668","HEXB","1"
-0.489537815126051,0.0103017774680772,"rs7910668","HEXB","2"
-0.450428571428573,0.0249079229478471,"rs7910668","LAMP1","1"
-0.481806722689077,0.0145889982040957,"rs7910668","LAMP1","2"
-0.453142857142859,0.0531437746215856,"rs7910668","LAMP2","1"
-0.457457627118645,0.0466299900980043,"rs7910668","LAMP2","2"
0.141428571428557,0.598450200975867,"rs7910668","LYZ","1"
0.033445378151245,0.898909199641238,"rs7910668","LYZ","2"
-0.893999999999997,0.000130657403377344,"rs7910668","FUCA1","1"
-0.931016949152537,5.13169048886979e-05,"rs7910668","FUCA1","2"
-0.822142857142853,0.00287986124274995,"rs7910668","TCN2","1"
-0.7707627118644,0.00434111344478114,"rs7910668","TCN2","2"
-0.463714285714285,0.0198369918443163,"rs7910668","TPP1","1"
-0.475882352941176,0.0148725952823713,"rs7910668","TPP1","2"
-0.300000000000002,0.218680679433915,"rs7910668","Ubiquitin","1"
-0.318898305084748,0.182338609581332,"rs7910668","Ubiquitin","2"
-0.136846153846154,0.0900674462317256,"rs858274","AP2B1","1"
-0.173015384615384,0.0401979591421649,"rs858274","AP2B1","2"
-0.135019841269841,0.0886681983436855,"rs858274","APP","1"
-0.154714285714286,0.0615338870119782,"rs858274","APP","2"
0.0481349206349211,0.633111805263903,"rs858274","C9","1"
0.0214935064935071,0.837925496444629,"rs858274","C9","2"
-0.135785080855503,0.0885950726670966,"rs858274","CTSB","1"
-0.0668350168350168,0.418223760478153,"rs858274","CTSB","2"
-0.044761904761905,0.350735796589707,"rs858274","CTSD","1"
-0.00642857142857175,0.897554439722277,"rs858274","CTSD","2"
-0.0690191146881286,0.110830837452934,"rs858274","CTSF","1"
-0.0455423280423281,0.312133033282987,"rs858274","CTSF","2"
-0.0774206349206348,0.14846036536743,"rs858274","CTSL","1"
-0.0699155844155851,0.210227437363587,"rs858274","CTSL","2"
-0.0598571428571429,0.272517673924566,"rs858274","CTSZ","1"
-0.0794935064935064,0.160973769030766,"rs858274","CTSZ","2"
-0.238676923076923,0.00529591914596277,"rs858274","DPP7","1"
-0.1564,0.0766254799093051,"rs858274","DPP7","2"
-0.0653769841269838,0.294066413548004,"rs858274","GM2A","1"
-0.103253246753247,0.11272901961605,"rs858274","GM2A","2"
-0.0984325396825397,0.101743003758043,"rs858274","HEXB","1"
-0.0638896103896111,0.306897497777037,"rs858274","HEXB","2"
-0.0950396825396825,0.124556310820758,"rs858274","LAMP1","1"
-0.118474025974027,0.0666889001537345,"rs858274","LAMP1","2"
-0.134047619047619,0.0626764072460216,"rs858274","LAMP2","1"
-0.121825396825397,0.105189368247014,"rs858274","LAMP2","2"
-0.0281349206349205,0.734904855010908,"rs858274","LYZ","1"
0.000551948051947475,0.994914363257379,"rs858274","LYZ","2"
-0.153571428571429,0.0362298880845722,"rs858274","FUCA1","1"
-0.130608465608466,0.0877036163308647,"rs858274","FUCA1","2"
-0.0484325396825398,0.572333166924982,"rs858274","TCN2","1"
-0.061164021164021,0.49538983799183,"rs858274","TCN2","2"
-0.0824404761904762,0.180783263741025,"rs858274","TPP1","1"
-0.063402597402598,0.322776009940935,"rs858274","TPP1","2"
-0.141851851851852,0.0597188777704607,"rs858274","Ubiquitin","1"
-0.157777777777777,0.0451215536199717,"rs858274","Ubiquitin","2"
-0.239333333333333,0.0462699340441699,"rs707951","AP2B1","1"
-0.292923076923077,0.0145526306858393,"rs707951","AP2B1","2"
-0.205787878787878,0.0850522630067655,"rs707951","APP","1"
-0.314808219178081,0.00846129385886652,"rs707951","APP","2"
-0.299696969696971,0.0604135853681909,"rs707951","C9","1"
-0.114726027397261,0.467140154304201,"rs707951","C9","2"
-0.338515151515151,0.00482150239615434,"rs707951","CTSB","1"
-0.294605633802816,0.0134177687369924,"rs707951","CTSB","2"
-0.0273030303030299,0.710440986948917,"rs707951","CTSD","1"
-0.000356164383561185,0.99611025892564,"rs707951","CTSD","2"
-0.129384615384616,0.0687696275342214,"rs707951","CTSF","1"
-0.162111111111111,0.0221673643896857,"rs707951","CTSF","2"
-0.122818181818181,0.152017742588659,"rs707951","CTSL","1"
-0.125999999999999,0.139255761329344,"rs707951","CTSL","2"
-0.134384615384616,0.122447632813315,"rs707951","CTSZ","1"
-0.151666666666667,0.079683390462479,"rs707951","CTSZ","2"
-0.0583771929824558,0.679632443836463,"rs707951","DPP7","1"
-0.0409782608695648,0.769457945654924,"rs707951","DPP7","2"
-0.273757575757576,0.0041718135016825,"rs707951","GM2A","1"
-0.306424657534246,0.00130333405303719,"rs707951","GM2A","2"
-0.088484848484848,0.348099736165915,"rs707951","HEXB","1"
-0.0889726027397254,0.34240294048707,"rs707951","HEXB","2"
-0.221818181818181,0.0230470811431824,"rs707951","LAMP1","1"
-0.231095890410958,0.0172788886325498,"rs707951","LAMP1","2"
-0.131181818181818,0.228929270934737,"rs707951","LAMP2","1"
-0.21175,0.0517884218193491,"rs707951","LAMP2","2"
-0.281030303030303,0.0299279995050674,"rs707951","LYZ","1"
-0.195739726027397,0.126504754868663,"rs707951","LYZ","2"
-0.187575757575757,0.110121155122109,"rs707951","FUCA1","1"
-0.119444444444443,0.305062506015756,"rs707951","FUCA1","2"
-0.135636363636362,0.304820558458625,"rs707951","TCN2","1"
-0.180055555555553,0.17137678008255,"rs707951","TCN2","2"
-0.0251212121212118,0.809930299494686,"rs707951","TPP1","1"
-0.0527260273972598,0.611557830111488,"rs707951","TPP1","2"
-0.126767676767675,0.285545151259557,"rs707951","Ubiquitin","1"
-0.175646879756467,0.137394110368797,"rs707951","Ubiquitin","2"
