"Estimate","Std..Error","t.value","Pr...t..","SNP","Protein"
-0.0121063612491784,0.0451768985584562,-0.267976811943243,0.789126183356733,"rs10810829","AP2B1"
0.0193342575798644,0.0456925081990816,0.423138460590197,0.672804344690109,"rs10810829","APP"
-0.106596277839055,0.0524146643798861,-2.03371096810763,0.0437552514045949,"rs10810829","C9"
-0.0420173685343898,0.0451934547882577,-0.929722428419146,0.354039048101066,"rs10810829","CTSB"
-0.0475690642018772,0.0269532512258225,-1.76487295737828,0.0796339097498263,"rs10810829","CTSD"
-0.0166504648749317,0.0243048487446371,-0.685067619629011,0.494380067949058,"rs10810829","CTSF"
-0.0259221089990186,0.0311950969344849,-0.830967413034795,0.407321631869639,"rs10810829","CTSL"
-0.0603118486820024,0.0309297130150927,-1.94996470392636,0.053083202994038,"rs10810829","CTSZ"
-0.0440746028474812,0.049217282315736,-0.895510698147374,0.372119975376866,"rs10810829","DPP7"
-0.00871842804375851,0.0356301714052886,-0.244692284653574,0.807031355796418,"rs10810829","GM2A"
-0.0610451408206277,0.0340073414435499,-1.79505772075594,0.0746714691579542,"rs10810829","HEXB"
-0.0218984807921539,0.035677824063514,-0.613784090452659,0.540293946695633,"rs10810829","LAMP1"
-0.00472054889679664,0.0416304080698322,-0.113391847826191,0.909873570486485,"rs10810829","LAMP2"
-0.0333684712497461,0.0385739440251415,-0.865052099106003,0.388400806640635,"rs10810829","LYZ"
-0.0158359097698071,0.0416869256640283,-0.379877132159734,0.704581192053126,"rs10810829","FUCA1"
-0.0404952777442313,0.0473116682190414,-0.855925805802242,0.393422440701961,"rs10810829","TCN2"
-0.0674399802836903,0.033725408565971,-1.99967867407061,0.0473527863388099,"rs10810829","TPP1"
0.0300599183347805,0.0397525189359206,0.756176442132783,0.450753517704211,"rs10810829","Ubiquitin"
0.0212527495768457,0.0416289758900312,0.510527802389081,0.610567982273125,"rs6599388","AP2B1"
-0.0299219170487138,0.0422267703683638,-0.708600652801316,0.479742210632935,"rs6599388","APP"
-0.0568418471175315,0.0523574077726404,-1.0856505227372,0.279486271097072,"rs6599388","C9"
-0.0388992107672779,0.0426731374993056,-0.911562004736842,0.363577514757486,"rs6599388","CTSB"
-0.0356561548397175,0.0246790112734552,-1.444796732115,0.150733641118358,"rs6599388","CTSD"
-0.00409764742672643,0.0239725262464888,-0.170930980931833,0.864526604555769,"rs6599388","CTSF"
-0.0212594695848535,0.0296062921747396,-0.718072680610518,0.473900585549064,"rs6599388","CTSL"
-0.0239912027752087,0.030463663743931,-0.787535044270185,0.43230956620245,"rs6599388","CTSZ"
-0.0180506056818417,0.0473083644821139,-0.381552097170178,0.703436291452243,"rs6599388","DPP7"
0.00846065560732803,0.0328050007538802,0.257907496201697,0.796854345009314,"rs6599388","GM2A"
-0.0198116053460705,0.0324866467209911,-0.609838421189507,0.542950387213984,"rs6599388","HEXB"
-0.0199666172973818,0.0334001181066401,-0.597800799195747,0.550931786200133,"rs6599388","LAMP1"
0.0219958410894195,0.0385462800165333,0.570634600277511,0.569162116068066,"rs6599388","LAMP2"
-0.00273342727721129,0.0368913058886537,-0.0740940774897315,0.941040540057891,"rs6599388","LYZ"
0.0108175657737495,0.0396092663469639,0.27310694621282,0.785173461457986,"rs6599388","FUCA1"
-0.0425542589924045,0.045010469757549,-0.945430234823698,0.34606812910858,"rs6599388","TCN2"
-0.0437752264367203,0.0341553317875806,-1.28165133071954,0.20206855484649,"rs6599388","TPP1"
0.0441212366155644,0.0364582645003595,1.21018477484383,0.228247305448816,"rs6599388","Ubiquitin"
-0.00795892135814319,0.0429527084993121,-0.185294982230763,0.853277845801151,"rs7140","AP2B1"
0.0198653750193065,0.0413857570675514,0.480005113519645,0.631932407047583,"rs7140","APP"
0.0127583558477874,0.0481565548011455,0.264934979266496,0.791428178445457,"rs7140","C9"
-0.0204126846582834,0.0410677316653699,-0.497049236237613,0.619901990138068,"rs7140","CTSB"
0.0173175005156102,0.0246685232785856,0.702007992940677,0.483776716249225,"rs7140","CTSD"
-0.00208104440369017,0.0218508670199764,-0.0952385276880616,0.92425595969779,"rs7140","CTSF"
0.00307585051216405,0.0282758739619697,0.108780033335167,0.913524305405478,"rs7140","CTSL"
-0.0201013387536723,0.0283591032824233,-0.70881432862974,0.479569969954951,"rs7140","CTSZ"
0.00135815532536917,0.0456775484790007,0.0297335424205955,0.976324131970988,"rs7140","DPP7"
0.00576829112301189,0.0321560573579887,0.179384277705265,0.857881328888697,"rs7140","GM2A"
-0.00508521406236021,0.0311446484497233,-0.163277298524312,0.870522850469825,"rs7140","HEXB"
0.00179536817151695,0.0323287706514089,0.0555346873803477,0.955787395649974,"rs7140","LAMP1"
-0.015820234392027,0.0376858115981759,-0.419792853626448,0.675249688499213,"rs7140","LAMP2"
-0.019450996079949,0.0347632932631267,-0.559526853014831,0.576647998698915,"rs7140","LYZ"
-0.0488576283424204,0.0375671511415755,-1.30054121374005,0.195450727077533,"rs7140","FUCA1"
-0.008750094434371,0.0427906487467115,-0.204486136355749,0.838256472830758,"rs7140","TCN2"
-0.00125873702273301,0.0309719037844503,-0.0406412544573695,0.967636668834841,"rs7140","TPP1"
-0.0220725905233009,0.0365275099335548,-0.604273068803538,0.546599965942249,"rs7140","Ubiquitin"
0.0834153748728199,0.0794117650834426,1.05041582673764,0.295403689329263,"rs12657663","AP2B1"
0.186808400553895,0.0766342787398172,2.43766110447953,0.0159597285000327,"rs12657663","APP"
-0.0599920469458319,0.0906923268366465,-0.661489775798658,0.509319905051743,"rs12657663","C9"
0.176899495893095,0.0770763864376701,2.29511921963479,0.0231412923017847,"rs12657663","CTSB"
0.115753365340304,0.0455731067131703,2.53994896746533,0.0121113232147525,"rs12657663","CTSD"
0.141093014241738,0.0415103618211375,3.39898300211616,0.000870741174913283,"rs12657663","CTSF"
0.172192160086237,0.0515487345451982,3.3403760849892,0.0010574116042757,"rs12657663","CTSL"
0.144521972038069,0.0528935623654141,2.73231685624881,0.00706039009326585,"rs12657663","CTSZ"
0.120953066424183,0.0848301458178026,1.42582645895676,0.156243854784314,"rs12657663","DPP7"
0.155242269387118,0.0595711241396736,2.60599865503845,0.0100905314186244,"rs12657663","GM2A"
0.215609921456951,0.0560346192365738,3.84779845735478,0.000176279022333477,"rs12657663","HEXB"
0.173878815806694,0.059375021746128,2.92848424629054,0.00394167473392292,"rs12657663","LAMP1"
0.20842641600142,0.0706071298952566,2.95191740990766,0.00367355376166905,"rs12657663","LAMP2"
-0.0243855822448668,0.0660681953780553,-0.369097144326823,0.712579291427038,"rs12657663","LYZ"
0.143641624559726,0.0718228599433454,1.99994298017417,0.0473362243548429,"rs12657663","FUCA1"
0.139502836490061,0.0819736216483366,1.70180155133955,0.0908922859762186,"rs12657663","TCN2"
0.180771123149382,0.0565055684371279,3.19917360623531,0.00168403454341653,"rs12657663","TPP1"
0.113418766405757,0.0682488674209788,1.66184100471817,0.0986757442069672,"rs12657663","Ubiquitin"
0.0104512230882054,0.0457741403242021,0.228321559163821,0.819744319775202,"rs614348","AP2B1"
0.0108152782058237,0.0472336051834141,0.228974226376043,0.819205051407838,"rs614348","APP"
-0.02171132430226,0.0544157476759943,-0.398989726862431,0.690475878332074,"rs614348","C9"
-0.0257790705392576,0.047343520827482,-0.544511056395564,0.586920531724998,"rs614348","CTSB"
-0.00299351976612817,0.0282095070722832,-0.106117407810695,0.915632897479257,"rs614348","CTSD"
0.0116932153885115,0.0248864606692907,0.469862530630587,0.639154273711223,"rs614348","CTSF"
-0.0279753389648233,0.0320765287462033,-0.872143590915665,0.384542722528282,"rs614348","CTSL"
-0.0169303108078636,0.0324299465933683,-0.522057930595721,0.602421156227178,"rs614348","CTSZ"
0.0176650119534587,0.0517782044932357,0.341166947103514,0.733516282343169,"rs614348","DPP7"
-0.0113035872075217,0.0364767877407021,-0.309884392449086,0.757084774521546,"rs614348","GM2A"
-0.0268562999171261,0.0354655750398505,-0.757249808777929,0.450104121940386,"rs614348","HEXB"
-0.0206349661655144,0.0366005698751596,-0.563788111384547,0.573751631811427,"rs614348","LAMP1"
-0.00801460742029145,0.0431497000531306,-0.185739585916541,0.852905033063692,"rs614348","LAMP2"
-0.0350515718339658,0.0393564666125157,-0.890617853961999,0.374579731849593,"rs614348","LYZ"
0.0187744690924449,0.0428807871403083,0.437829395039176,0.66215260463588,"rs614348","FUCA1"
0.0296920774251032,0.0491914575245349,0.603602310630742,0.547038352697728,"rs614348","TCN2"
-0.0162587611414827,0.0353308919139786,-0.460185414539449,0.646058514343672,"rs614348","TPP1"
-0.0112585396812516,0.0413812305288864,-0.272068750430041,0.785953526532327,"rs614348","Ubiquitin"
-0.0129670016057644,0.0410877857301366,-0.315592611656694,0.7528257204343,"rs4859655","AP2B1"
-0.00829016107977262,0.0422157642877077,-0.196375956225114,0.844596678825231,"rs4859655","APP"
0.000236361869906325,0.0528629723493616,0.00447121793198182,0.996438771453657,"rs4859655","C9"
0.0278575358396225,0.0422849552368538,0.658804903152482,0.511103121784913,"rs4859655","CTSB"
0.0243587927842735,0.0246618243983132,0.987712522433641,0.324973472565694,"rs4859655","CTSD"
-0.00953467521535679,0.0240159008291771,-0.397015097754444,0.691960907757402,"rs4859655","CTSF"
0.011975188793807,0.0297298913604997,0.40279961499347,0.68770141467554,"rs4859655","CTSL"
-0.00453290449644992,0.0301750838807126,-0.150220112539514,0.880807167473375,"rs4859655","CTSZ"
-0.0121664975250841,0.0460899339622288,-0.263972986705832,0.792228597026656,"rs4859655","DPP7"
0.00326738595199883,0.0330226020012155,0.0989439279157521,0.921322330238826,"rs4859655","GM2A"
-0.00817564620609858,0.0324461684281842,-0.251975706290079,0.80142417024714,"rs4859655","HEXB"
-0.0136819031248658,0.0336601137450017,-0.406472278392031,0.68500756682068,"rs4859655","LAMP1"
-0.00473650986151867,0.0382729906793576,-0.123755937998158,0.901684762025782,"rs4859655","LAMP2"
-0.0321636323134665,0.0372426209199973,-0.863624297080453,0.389250702021914,"rs4859655","LYZ"
-0.0226263911927198,0.0395627125503898,-0.571912028627997,0.568292220829287,"rs4859655","FUCA1"
0.0650713839867195,0.0443531087674992,1.46712115102972,0.14457005268498,"rs4859655","TCN2"
-0.000759463482461647,0.0342339831360228,-0.0221844907571535,0.982331932245152,"rs4859655","TPP1"
0.0151736194240593,0.0365185839010871,0.415504047614717,0.678404587495902,"rs4859655","Ubiquitin"
-0.0274824532305124,0.0383520800610614,-0.716583121091656,0.474936799222677,"rs6966915","AP2B1"
-0.0298220380732367,0.0391118472496053,-0.762480940440307,0.447037722338589,"rs6966915","APP"
-0.0187858431688204,0.0490443860328743,-0.383037584693757,0.702264688197685,"rs6966915","C9"
-0.0706043568055937,0.0388998526712965,-1.81502890003723,0.0716599543993975,"rs6966915","CTSB"
-0.0429926631423785,0.0226855804675804,-1.89515376094601,0.0601045627379537,"rs6966915","CTSD"
-0.0286779911883648,0.0223031610420725,-1.2858263066059,0.200626376170739,"rs6966915","CTSF"
-0.0290419993290667,0.0275045755642753,-1.0558970183415,0.292808403945304,"rs6966915","CTSL"
-0.0483348270071444,0.0279615609875502,-1.72861690478101,0.0860822877174404,"rs6966915","CTSZ"
-0.0466720850656224,0.0440658100946693,-1.05914505974936,0.291543987580763,"rs6966915","DPP7"
-0.0197890375821055,0.0306090583742947,-0.64650919149882,0.518993218713127,"rs6966915","GM2A"
-0.0647971319133343,0.0296298531144035,-2.18688670723904,0.03038787101001,"rs6966915","HEXB"
-0.0349985600059939,0.031124689669362,-1.1244629385155,0.262713889107124,"rs6966915","LAMP1"
-0.000521521344868541,0.0357407401746342,-0.014591789154906,0.988378476435112,"rs6966915","LAMP2"
-0.00245157243353449,0.0346602821288709,-0.070731462150806,0.943710997577021,"rs6966915","LYZ"
-0.0368072267690655,0.0368558561792505,-0.998680551336306,0.319660263997872,"rs6966915","FUCA1"
0.0633037911457465,0.0413893615597216,1.52947010439879,0.12838831911638,"rs6966915","TCN2"
-0.0360953495692049,0.0316328338660992,-1.14107227072969,0.255760573818633,"rs6966915","TPP1"
-0.016161880494472,0.0339379006084096,-0.476219218181904,0.634655300192912,"rs6966915","Ubiquitin"
-0.085884560532821,0.0489068628013313,-1.75608402611511,0.08152326494098,"rs199515","AP2B1"
-0.0488569805376397,0.0489969649076195,-0.997142999158342,0.320427800327708,"rs199515","APP"
-0.0643263427344736,0.0604107358383043,-1.06481640790885,0.288805220035329,"rs199515","C9"
-0.0536019201923907,0.0492812013961878,-1.08767478620229,0.278648526384666,"rs199515","CTSB"
-0.0286424138039094,0.0286920405040866,-0.998270366997076,0.319882930230892,"rs199515","CTSD"
-0.0178667156754428,0.0279569553465605,-0.639079451033315,0.523838318403772,"rs199515","CTSF"
-0.0521459495624569,0.0342069384389932,-1.5244260942983,0.129674312664892,"rs199515","CTSL"
-0.0448928601545907,0.0352617746922581,-1.27313104761137,0.20512763250884,"rs199515","CTSZ"
-0.0476801120820131,0.0584758092485406,-0.815381825317845,0.416417194671777,"rs199515","DPP7"
-0.061491776469248,0.0378432155792146,-1.62490886485403,0.1064473357307,"rs199515","GM2A"
-0.0230355205877811,0.0377079732080796,-0.6108925680165,0.542268363420765,"rs199515","HEXB"
-0.0538579252397569,0.0386307700392542,-1.39417167157242,0.165490332615038,"rs199515","LAMP1"
-0.0542513008356039,0.0446250578957684,-1.21571384763959,0.226169547950975,"rs199515","LAMP2"
-0.000434757901073921,0.0428771996329802,-0.0101396057763883,0.991924442050483,"rs199515","LYZ"
-0.0744222130640825,0.0453875388627815,-1.6397058516233,0.103343971496186,"rs199515","FUCA1"
0.00838197344103183,0.0526069755635093,0.159331977389819,0.873640284744398,"rs199515","TCN2"
-0.0606225722204996,0.0394191217340927,-1.53789758760832,0.126346947268523,"rs199515","TPP1"
-0.0498645006946202,0.0423566074779365,-1.17725435684609,0.241120426049066,"rs199515","Ubiquitin"
0.0702925081581855,0.0386976299031639,1.81645512487674,0.0715191155758901,"rs2305880","AP2B1"
0.031683698185715,0.0400651208004958,0.790805008263519,0.430314709914122,"rs2305880","APP"
0.0399646883971425,0.0465475480138803,0.858577736151112,0.391952606404515,"rs2305880","C9"
0.0192629993638739,0.0400834653674045,0.480572205704011,0.631535003377259,"rs2305880","CTSB"
0.0164549211534945,0.0238771702044009,0.689148714551677,0.491801452100102,"rs2305880","CTSD"
0.0206936120066192,0.0213551438939025,0.969022363390762,0.334125686160835,"rs2305880","CTSF"
0.0291964818492725,0.0273530906393617,1.06739242867342,0.287521038205827,"rs2305880","CTSL"
0.0207803308838263,0.0274891839461929,0.755945717577558,0.450891418165652,"rs2305880","CTSZ"
-0.00263378230514212,0.0441267238980619,-0.0596867855231327,0.952494019625356,"rs2305880","DPP7"
0.0354237819235815,0.0311601812305989,1.13682849471992,0.257434976083576,"rs2305880","GM2A"
0.0360476192338316,0.0300400241424513,1.19998636029359,0.2320491496061,"rs2305880","HEXB"
0.0258463498814066,0.0312986277542329,0.825798181452573,0.410238865276402,"rs2305880","LAMP1"
0.0103029692012179,0.0365783092172421,0.281668820175028,0.778590918548223,"rs2305880","LAMP2"
-0.00109442387368956,0.033958659462705,-0.0322281235774782,0.974333259134747,"rs2305880","LYZ"
0.00801213063600628,0.0366481322188152,0.218623164426722,0.827244789073002,"rs2305880","FUCA1"
0.0711810657215982,0.0412695255222202,1.72478517310002,0.0866538186131547,"rs2305880","TCN2"
0.0023358740883678,0.0300102293937785,0.0778359291332861,0.938062992750626,"rs2305880","TPP1"
0.0490925320327226,0.0347771714758801,1.41163096218941,0.160171823386033,"rs2305880","Ubiquitin"
-0.00451007700846169,0.0478369875085723,-0.0942801217918142,0.925034065493331,"rs4555374","AP2B1"
-0.0252160625113329,0.0483112878783199,-0.521949706139977,0.602518574658344,"rs4555374","APP"
-0.00640335608979089,0.0605432462932842,-0.105764994146031,0.915918072821555,"rs4555374","C9"
0.00795564573233214,0.0485462444047773,0.163877676427412,0.870063788582528,"rs4555374","CTSB"
0.0231379509124256,0.0282762379429384,0.818282508412829,0.414566923572839,"rs4555374","CTSD"
0.0236662373301736,0.0280835188344742,0.842709115964549,0.400828536550589,"rs4555374","CTSF"
-0.00781607001596424,0.0340637136751219,-0.229454430321631,0.818845905790962,"rs4555374","CTSL"
0.0224946131835055,0.0347158628136445,0.64796353483297,0.518069784800694,"rs4555374","CTSZ"
-0.0110473173886501,0.0525602534214995,-0.210183868408276,0.833860999968972,"rs4555374","DPP7"
0.0282400309359472,0.0377488137288077,0.748103798408799,0.455634758656648,"rs4555374","GM2A"
-0.00721076155218817,0.037164999466562,-0.194020224826744,0.846437324443943,"rs4555374","HEXB"
0.0246296674828981,0.0385189965772547,0.639416123768963,0.523582443402359,"rs4555374","LAMP1"
0.0124617482573868,0.0438675666769563,0.284076578697787,0.77676843506911,"rs4555374","LAMP2"
-0.00292498423905758,0.0427663171046246,-0.0683945786564184,0.94556775114284,"rs4555374","LYZ"
-0.0246168266981848,0.0453615548987426,-0.542680398701834,0.58820663115788,"rs4555374","FUCA1"
-0.00361016185853276,0.0512339750546559,-0.0704642154875056,0.94392402346526,"rs4555374","TCN2"
-0.00353995678760014,0.0392082013529942,-0.0902861305911399,0.928187068699699,"rs4555374","TPP1"
-0.00494237148267424,0.041702071251922,-0.118516211168923,0.905827327260835,"rs4555374","Ubiquitin"
-0.0129642058443763,0.0513974466619981,-0.252234433543597,0.801246340678968,"rs4631423","AP2B1"
-0.0463850583876586,0.0529788947527369,-0.875538430994964,0.382699739570307,"rs4631423","APP"
0.042808282613751,0.0615726897232322,0.69524789003328,0.487990122613811,"rs4631423","C9"
0.0349622834144795,0.04827568455878,0.724221390831025,0.470088742323812,"rs4631423","CTSB"
-0.00958943623240077,0.0315107319158056,-0.304322865556505,0.761309402343926,"rs4631423","CTSD"
0.0339846709260514,0.0282037349670949,1.20497058158081,0.23016417352819,"rs4631423","CTSF"
0.0172795552092712,0.0362894522143712,0.476159163472525,0.634663153418603,"rs4631423","CTSL"
0.0231092457170004,0.036354515885966,0.635663690021004,0.525990758316798,"rs4631423","CTSZ"
0.0855330494075939,0.0576516402366632,1.48361866299859,0.140276055551332,"rs4631423","DPP7"
-0.0316587863831036,0.0411899440263751,-0.768604743983909,0.443352728247305,"rs4631423","GM2A"
0.0126437251934041,0.0398728647529615,0.317100997676998,0.751613849431474,"rs4631423","HEXB"
0.0066612342516674,0.0415222571838163,0.160425629613018,0.87276455889252,"rs4631423","LAMP1"
-0.0200872744078121,0.0485025839011504,-0.414148542039545,0.679368988236403,"rs4631423","LAMP2"
0.0336534581910491,0.044871067104195,0.75000351814461,0.454443192096042,"rs4631423","LYZ"
-0.0295066122672329,0.048503141055222,-0.608344359257865,0.543897933501193,"rs4631423","FUCA1"
0.00408257118609986,0.0550731792546234,0.0741299347768656,0.941007775067088,"rs4631423","TCN2"
0.0395203327133918,0.0394284607177287,1.00233009338916,0.317820159749027,"rs4631423","TPP1"
0.00436965329887341,0.0462098448111021,0.0945610901039767,0.924793111126651,"rs4631423","Ubiquitin"
-0.0997238873274195,0.0490122600904043,-2.03467228696405,0.0438417310094024,"rs60492656","AP2B1"
-0.104988989844263,0.0504286409170366,-2.08193177398906,0.0390587037535949,"rs60492656","APP"
-0.00528542657133421,0.0594545350777132,-0.088898627571902,0.92928185163872,"rs60492656","C9"
-0.138581349089538,0.0494042826486584,-2.80504728861399,0.00571188279378744,"rs60492656","CTSB"
-0.02836889116553,0.0303833120753303,-0.93369975910441,0.351969412573284,"rs60492656","CTSD"
-0.0247225399506562,0.0272860199521176,-0.9060515236022,0.366391296115481,"rs60492656","CTSF"
-0.0671112101680382,0.0345508346555276,-1.94239041797797,0.0539757581785685,"rs60492656","CTSL"
-0.0695952521745237,0.0346147474146949,-2.01056651781254,0.0462000641740009,"rs60492656","CTSZ"
-0.066598772096144,0.0585543204223192,-1.13738442553521,0.257407311568514,"rs60492656","DPP7"
-0.0668616642959595,0.0394972391520769,-1.6928186812886,0.092579848747934,"rs60492656","GM2A"
-0.0352782629926902,0.038351924259349,-0.919856400271505,0.359134610376635,"rs60492656","HEXB"
-0.0773224457049729,0.0394658606731215,-1.95922360202406,0.0519531754651815,"rs60492656","LAMP1"
-0.0709930684690718,0.046333256613047,-1.53222703644537,0.1276012104717,"rs60492656","LAMP2"
-0.0184440360075237,0.0432429316643335,-0.426521405872586,0.670343545350747,"rs60492656","LYZ"
-0.0543612553365615,0.0465695723671947,-1.16731274463786,0.244961340808953,"rs60492656","FUCA1"
-0.069295289434963,0.0528953869830624,-1.31004409623002,0.192210603613849,"rs60492656","TCN2"
-0.0484759921313989,0.0380321907504907,-1.27460425431247,0.204433518214452,"rs60492656","TPP1"
-0.0407948204352232,0.0445174583404041,-0.916378022376847,0.360969559217305,"rs60492656","Ubiquitin"
-0.0109603621375448,0.0457342531070839,-0.23965324440484,0.810982427941313,"rs7843828","AP2B1"
0.0251216579158378,0.0473302905209093,0.530773372386964,0.596404977414543,"rs7843828","APP"
-0.0429684673987992,0.0592084450685433,-0.725715180479006,0.469207765399782,"rs7843828","C9"
-0.0050138390953323,0.0477202155592415,-0.105067402495446,0.91647270739542,"rs7843828","CTSB"
-0.0142551415221846,0.0277424304783453,-0.513838956298785,0.608163246805681,"rs7843828","CTSD"
-0.0117214814377078,0.0271816208286051,-0.431228200541026,0.666965723959245,"rs7843828","CTSF"
0.00563684540082022,0.0333759478672561,0.168889447671697,0.866123936796089,"rs7843828","CTSL"
0.0125053692294463,0.0340543372047542,0.367218106588211,0.714010828056227,"rs7843828","CTSZ"
0.00810548804543491,0.0515051008212352,0.157372530413397,0.875201188058768,"rs7843828","DPP7"
-0.0175709223083917,0.0370269637171573,-0.474543968622784,0.635841017066953,"rs7843828","GM2A"
0.0113622087001695,0.0364038656156285,0.312115444555745,0.755410624434483,"rs7843828","HEXB"
0.0103082819158144,0.0377824589234668,0.272832478603238,0.785378358866548,"rs7843828","LAMP1"
0.0349411700209526,0.0430215172947798,0.812178933196116,0.418058047030393,"rs7843828","LAMP2"
-0.032290305890522,0.041812258809087,-0.77226887066681,0.44123861487097,"rs7843828","LYZ"
-0.0252746723127433,0.0445736132794705,-0.567032162151059,0.571593932693663,"rs7843828","FUCA1"
0.0156201881292536,0.0503325415719104,0.310339745250832,0.756760857385078,"rs7843828","TCN2"
0.0172634597186847,0.0383870781931041,0.449720596911331,0.653597650985864,"rs7843828","TPP1"
0.0156369675846552,0.0407705243439108,0.383536092220768,0.70189999696893,"rs7843828","Ubiquitin"
-0.0271441063343561,0.0528229371422979,-0.513869690002915,0.608183178869371,"rs1935025","AP2B1"
-0.088941727302786,0.0520383118323616,-1.70915858280158,0.0895035372507341,"rs1935025","APP"
-0.0462152298247231,0.0609530732490621,-0.758210002568398,0.449522862982967,"rs1935025","C9"
-0.0569917462249003,0.0518057187379107,-1.10010530909196,0.273084515885247,"rs1935025","CTSB"
-0.0800130854915993,0.0306054064006982,-2.61434481359392,0.00985804423205599,"rs1935025","CTSD"
-0.00216316446993576,0.0279158002383017,-0.0774888934392002,0.938339998207357,"rs1935025","CTSF"
-0.0915918751770233,0.0351434003178729,-2.60623258843972,0.0100839484612291,"rs1935025","CTSL"
-0.0693206844793124,0.0354895675155743,-1.95326935017993,0.0526867121119445,"rs1935025","CTSZ"
-0.127550935505106,0.0551088322411127,-2.31452800427786,0.0221593418167585,"rs1935025","DPP7"
0.0117052715913194,0.0409467656323981,0.285865596721463,0.77537810454252,"rs1935025","GM2A"
-0.0661427386539047,0.0391316214623657,-1.69026317290523,0.0930686398015575,"rs1935025","HEXB"
-0.089300998017275,0.0403992777883157,-2.21046025835399,0.0285977509889785,"rs1935025","LAMP1"
-0.0484310766400236,0.0476213070925404,-1.01700435365853,0.31081101276322,"rs1935025","LAMP2"
-0.0153579039105514,0.0444264187045398,-0.345693043877561,0.730061004503006,"rs1935025","LYZ"
-0.071190760185053,0.0475145408558056,-1.49829418327115,0.136186708502502,"rs1935025","FUCA1"
-0.029610114517945,0.0543863694324137,-0.544439991618519,0.586958084508636,"rs1935025","TCN2"
-0.0934946127669185,0.0385232301670075,-2.4269671146889,0.0164190093696411,"rs1935025","TPP1"
0.0262474641663504,0.0458886923726955,0.571981087479581,0.568208429829185,"rs1935025","Ubiquitin"
0.0122859655063859,0.0435678845016813,0.281995916187112,0.778402071783738,"rs7647812","AP2B1"
0.00665874330272469,0.0439673986380674,0.151447288422461,0.879837834830005,"rs7647812","APP"
-0.0470201053161199,0.0549117731198024,-0.856284593351864,0.39328304466983,"rs7647812","C9"
0.0447728003978731,0.0438012232611225,1.02218150691725,0.308458061578246,"rs7647812","CTSB"
0.0495732473343885,0.0254337872771143,1.94910992980566,0.0532533655260024,"rs7647812","CTSD"
0.00515704301455925,0.0250832956036699,0.205596708504473,0.837404601448349,"rs7647812","CTSF"
0.0294305172873767,0.0308808321915956,0.953035109441978,0.342191746292827,"rs7647812","CTSL"
0.0108146309138716,0.0314732067375421,0.343613887331398,0.731652174005655,"rs7647812","CTSZ"
0.0678573860983228,0.0480864186672693,1.41115491606595,0.160643987226926,"rs7647812","DPP7"
0.0175954958286428,0.034360371032867,0.512086898357764,0.609385712246373,"rs7647812","GM2A"
0.0521147277310049,0.0335139885008806,1.55501419145129,0.122168647823779,"rs7647812","HEXB"
-0.00135700191001706,0.0350750275703643,-0.0386885486346308,0.969193042547408,"rs7647812","LAMP1"
-0.000763669794631461,0.0399336701199358,-0.0191234562798229,0.9847696539262,"rs7647812","LAMP2"
0.0376092561740176,0.0387592146883665,0.9703307065534,0.333531564422855,"rs7647812","LYZ"
-0.0389118046808876,0.0411948814801501,-0.944578629256099,0.34648983750176,"rs7647812","FUCA1"
0.0458924064924878,0.0464665729236931,0.987643452161876,0.325019084729508,"rs7647812","TCN2"
0.0114418320349009,0.0356396025410444,0.321042638500919,0.748650096551046,"rs7647812","TPP1"
0.0325231188579637,0.0377679346524476,0.861130457814325,0.390628205845761,"rs7647812","Ubiquitin"
0.0506791143601128,0.1240221781307,0.408629449377231,0.68349444641074,"rs76572204","AP2B1"
0.0383854339348258,0.118588995042739,0.323684621165664,0.746653045627768,"rs76572204","APP"
0.050920846412322,0.148471376780904,0.342967429253821,0.732130159788102,"rs76572204","C9"
-0.062522845436013,0.118397686624609,-0.528074890806335,0.598283387194596,"rs76572204","CTSB"
-0.0970292798300408,0.0690532948945357,-1.40513613402854,0.162164734941251,"rs76572204","CTSD"
-0.0712197202582432,0.0704572915364132,-1.01082114718299,0.313845857036304,"rs76572204","CTSF"
-0.056624607306683,0.0834467100110517,-0.6785720767084,0.498513425748757,"rs76572204","CTSL"
0.111306981363095,0.084308201801016,1.32023906316733,0.188909649246345,"rs76572204","CTSZ"
-0.128487244566647,0.125554997122627,-1.02335428705523,0.308085707580705,"rs76572204","DPP7"
-0.0268268602685291,0.0927618340285065,-0.289201486252255,0.772848991826019,"rs76572204","GM2A"
-0.120260754029945,0.0906264940936543,-1.32699333933923,0.186640708429736,"rs76572204","HEXB"
-0.0350935383116118,0.0945863814887013,-0.371021047208618,0.711174797117334,"rs76572204","LAMP1"
0.00876964918164707,0.107476243088695,0.081596164227753,0.935083563136386,"rs76572204","LAMP2"
-0.00221185586109457,0.104917528826534,-0.0210818524400394,0.98320995583427,"rs76572204","LYZ"
-0.0958714178420041,0.110929912492696,-0.864252172274243,0.388917260329625,"rs76572204","FUCA1"
0.00767066846566231,0.125491665914585,0.0611249233943816,0.951346276429965,"rs76572204","TCN2"
-0.00896762938955266,0.0961868762324487,-0.0932313194981108,0.925851205865735,"rs76572204","TPP1"
-0.0144194110378491,0.102167394807045,-0.141135154371723,0.88796461098427,"rs76572204","Ubiquitin"
-0.0821711865903077,0.0588921140949537,-1.39528335589754,0.165238523033261,"rs7910668","AP2B1"
-0.109536075202063,0.0609754644898225,-1.79639591298802,0.0744712064277939,"rs7910668","APP"
-0.0725433983587264,0.0707837222606039,-1.02485989775508,0.307101481392123,"rs7910668","C9"
-0.212313283749645,0.0584718916388277,-3.631031557198,0.000389934225518556,"rs7910668","CTSB"
0.0310741327402891,0.0367176331949513,0.846299993665218,0.398751700353559,"rs7910668","CTSD"
-0.0299499146206828,0.0323306217496514,-0.926363707218396,0.355785757998728,"rs7910668","CTSF"
-0.0635672279004426,0.0416310518888804,-1.52691861041881,0.128915541094401,"rs7910668","CTSL"
-0.0696863406413247,0.041897762955638,-1.66324728876598,0.098408103559625,"rs7910668","CTSZ"
-0.14578859908205,0.0678642011090961,-2.14824011333582,0.033506705703036,"rs7910668","DPP7"
-0.11820508049487,0.0466046454089666,-2.53633687066156,0.0122387037824944,"rs7910668","GM2A"
-0.0669516714027671,0.0460337212313513,-1.45440493646578,0.147951563664505,"rs7910668","HEXB"
-0.0709031607983297,0.0474474360642586,-1.49435178546433,0.137212735646156,"rs7910668","LAMP1"
-0.0478567598672685,0.0560053682551422,-0.854503083512436,0.394216745349422,"rs7910668","LAMP2"
-0.0624194929582853,0.0512295383329248,-1.21842778579499,0.22500014393017,"rs7910668","LYZ"
-0.124247491102969,0.0548755495991343,-2.26416850511014,0.0250267676422576,"rs7910668","FUCA1"
-0.0367469058990215,0.0640055626670591,-0.574120504028215,0.566763710879084,"rs7910668","TCN2"
-0.0551368977586748,0.045906028486457,-1.20108185300632,0.231638102497856,"rs7910668","TPP1"
-0.0422612027385927,0.0540929221282354,-0.781270470809585,0.435908457753339,"rs7910668","Ubiquitin"
-0.0527093673855736,0.0400170165144941,-1.31717384194502,0.190045159842986,"rs858274","AP2B1"
-0.0590844202006891,0.0408005973210572,-1.44812635304718,0.149711249295831,"rs858274","APP"
0.0394398134749102,0.0472266085823025,0.835118477884725,0.405006230439964,"rs858274","C9"
-0.000196309734547303,0.0410993232691221,-0.00477647121491148,0.996195507030312,"rs858274","CTSB"
0.00233731379755101,0.0245229999087166,0.0953110878053797,0.924197539363831,"rs858274","CTSD"
-0.00622341458592536,0.0216586184057745,-0.287341254614196,0.774261272847079,"rs858274","CTSF"
-0.0198116063024128,0.0278435334866419,-0.711533480903837,0.477881316827282,"rs858274","CTSL"
-0.0291018512595549,0.0280626576736662,-1.03703118920429,0.30144762756777,"rs858274","CTSZ"
-0.0539161322558836,0.0450966088777922,-1.19556954719127,0.234007982405979,"rs858274","DPP7"
-0.032688118528551,0.0316068664975107,-1.03420940291963,0.302736683740333,"rs858274","GM2A"
-0.016729221015512,0.030855457268208,-0.54218029796463,0.588515255924444,"rs858274","HEXB"
-0.0382733577625372,0.0317081084017788,-1.20705269698113,0.229350571548241,"rs858274","LAMP1"
-0.0370003387221993,0.0374180975296838,-0.988835380870098,0.324379630856008,"rs858274","LAMP2"
0.0525828597002553,0.0337774940049885,1.55674247747597,0.121681975826292,"rs858274","LYZ"
-0.0536008863510942,0.0370810383279861,-1.44550661923186,0.150458705796003,"rs858274","FUCA1"
-0.0115605727206544,0.0428554936083523,-0.269757077734401,0.787728043987021,"rs858274","TCN2"
-0.0219465361636831,0.0307001901482516,-0.714866457103459,0.475825325375813,"rs858274","TPP1"
-0.0521731751603929,0.0360673839508537,-1.44654725253945,0.150182009081154,"rs858274","Ubiquitin"
-0.073342875266598,0.0471302353571363,-1.55617460237216,0.122155100800141,"rs707951","AP2B1"
-0.115572623050191,0.0478795865376821,-2.4138183181518,0.0170695365967957,"rs707951","APP"
0.0522991744632172,0.0610465517318545,0.856709723637463,0.393059008948913,"rs707951","C9"
-0.0396387640240306,0.0489972439234018,-0.808999871217217,0.419897803288143,"rs707951","CTSB"
0.00833274922672151,0.0286391450131656,0.290956633757428,0.771512033886914,"rs707951","CTSD"
-0.0630914737856344,0.0274475791693943,-2.29861706186407,0.0230181814143182,"rs707951","CTSF"
-0.0330577390661887,0.0343561675557205,-0.962206829751137,0.337592950816705,"rs707951","CTSL"
-0.0497711584749493,0.034783024932153,-1.43090368281746,0.154702164911915,"rs707951","CTSZ"
0.00896242704075106,0.0544184409972599,0.16469466740516,0.869448238263412,"rs707951","DPP7"
-0.0857504919078251,0.0375739994262985,-2.28217632450932,0.0239756818526559,"rs707951","GM2A"
-0.0293591287383294,0.0375415798863979,-0.782042972809646,0.435500620800013,"rs707951","HEXB"
-0.0567954866154814,0.0387295368731199,-1.46646438870536,0.144748549407977,"rs707951","LAMP1"
-0.0844987919656681,0.0440071299731582,-1.92011594523904,0.0568768908950814,"rs707951","LAMP2"
-0.00368470341084725,0.0432600079866162,-0.0851757450434874,0.932242496373069,"rs707951","LYZ"
-0.0175916782526863,0.0460810584145447,-0.381755082412208,0.70322184849578,"rs707951","FUCA1"
-0.0725815398854335,0.0515858307364347,-1.40700535106765,0.161641925110386,"rs707951","TCN2"
-0.0321823997164352,0.0395615965450937,-0.813475757474866,0.417316899809875,"rs707951","TPP1"
-0.0604730484759628,0.0421095883414065,-1.4360873819443,0.153208189499792,"rs707951","Ubiquitin"
