Sentinel.SNP,Gene,Assay,Proxy.SNP,D.,R2,Chromosome,Position,Coordinates,Alleles,MAF
rs10756899,SH3GL2,NeuroXProxy,rs10810829,1,0.8357,9,17697095,chr9:17697095,(G/T),0.2525
rs11248057,GAK,GSAProxy,rs6599388,0.9493,0.8182,4,939087,chr4:939087,(C/T),0.2879
rs11645306,LAT,NeuroXProxy,rs7140,1,1,16,28995757,chr16:28995757,(C/A),0.2828
rs12657663,CAMLG,NeuroX,rs12657663,1,1,5,134076812,chr5:134076812,(G/A),0.0909
rs17191234,HLA-DQA2,NeuroXProxy,rs614348,1,0.6912,6,32573877,chr6:32573877,(T/C),0.399
rs1876543,FAM47E,GSAProxy,rs4859655,1,0.9797,4,77194664,chr4:77194664,(T/G),0.4394
rs1990622,TMEM106B,GSAProxy,rs6966915,1,1,7,12265988,chr7:12265988,(C/T),0.4596
rs199502,MAPT,GSAProxy,rs199515,0.9672,0.9058,17,44856641,chr17:44856641,(G/C),0.197
rs2305880,STX1B,NeuroX,rs2305880,1,1,16,30999462,chr16:30999462,(T/C),0.298
rs3772034,KCNIP3/PROM2,GSAProxy,rs4555374,0.9495,0.8582,2,95639504,chr2:95639504,(G/A),0.2929
rs4631423,CTSB,NeuroX,rs4631423,1,1,8,11699279,chr8:11699279,(C/T),0.1465
rs60492656,TMEM175,NeuroX,rs60492656,1,1,4,875008,chr4:875008,(C/T),0.1667
rs71513892,BIN3,GSAProxy,rs7843828,1,0.9763,8,22463623,chr8:22463623,(C/T),0.303
rs7522056,RAB29,NeuroXProxy,rs1935025,1,0.7392,1,205692084,chr1:205692084,(C/A),0.3535
rs7653459,ARIH2,GSAProxy,rs7647812,1,1,3,48833347,chr3:48833347,(G/A),0.3636
rs77823616,MMRN1,GSAProxy,rs76572204,1,0.7696,4,90799451,chr4:90799451,(G/A),0.0455
rs7910668,ITGA8,NeuroX,rs7910668,1,1,10,15548925,chr10:15548925,(G/A),0.1263
rs858274,GPNMB,NeuroX,rs858274,1,1,7,23294668,chr7:23294668,(T/C),0.3788
rs9271548,HCG23,GSAProxy,rs707951,0.9068,0.7365,6,32609813,chr6:32609813,(T/C),0.3687